id,spec,grade,wear,temp,target_torque,speed,label,label_name,length
E0001,M12,8.8,0,-10,80.0,132.76,0,合格,73
E0002,M16,10.9,1,20,180.0,153.1,0,合格,86
E0003,M20,12.9,2,50,320.0,172.47,0,合格,91
E0004,M24,8.8,0,-10,520.0,166.06,0,合格,138
E0005,M12,10.9,1,20,80.0,126.93,0,合格,76
E0006,M16,12.9,2,50,180.0,184.42,0,合格,66
E0007,M20,8.8,0,-10,320.0,144.62,0,合格,126
E0008,M24,10.9,1,20,520.0,141.75,0,合格,149
E0009,M12,12.9,2,50,80.0,113.6,0,合格,77
E0010,M16,8.8,0,-10,180.0,131.09,0,合格,108
E0011,M20,10.9,1,20,320.0,135.94,0,合格,126
E0012,M24,12.9,2,50,520.0,176.33,0,合格,107
E0013,M12,8.8,0,-10,80.0,112.95,0,合格,86
E0014,M16,10.9,1,20,180.0,166.91,0,合格,80
E0015,M20,12.9,2,50,320.0,125.99,0,合格,123
E0016,M24,8.8,0,-10,520.0,156.56,0,合格,145
E0017,M12,10.9,1,20,80.0,165.8,0,合格,57
E0018,M16,12.9,2,50,180.0,171.78,0,合格,73
E0019,M20,8.8,0,-10,320.0,158.36,0,合格,120
E0020,M24,10.9,1,20,520.0,185.1,0,合格,111
E0021,M12,12.9,2,50,80.0,171.48,0,合格,54
E0022,M16,8.8,0,-10,180.0,134.18,0,合格,105
E0023,M20,10.9,1,20,320.0,170.52,0,合格,97
E0024,M24,12.9,2,50,520.0,137.47,0,合格,143
E0025,M12,8.8,0,-10,80.0,143.64,0,合格,70
E0026,M16,10.9,1,20,180.0,171.55,0,合格,77
E0027,M20,12.9,2,50,320.0,154.77,0,合格,107
E0028,M24,8.8,0,-10,520.0,143.27,0,合格,165
E0029,M12,10.9,1,20,80.0,185.42,0,合格,48
E0030,M16,12.9,2,50,180.0,129.16,0,合格,97
E0031,M20,8.8,0,-10,320.0,118.54,0,合格,160
E0032,M24,10.9,1,20,520.0,117.61,0,合格,180
E0033,M12,12.9,2,50,80.0,177.69,0,合格,49
E0034,M16,8.8,0,-10,180.0,163.59,0,合格,90
E0035,M20,10.9,1,20,320.0,183.88,0,合格,91
E0036,M24,12.9,2,50,520.0,170.58,0,合格,120
E0037,M12,8.8,0,-10,80.0,119.91,0,合格,80
E0038,M16,10.9,1,20,180.0,153.04,0,合格,84
E0039,M20,12.9,2,50,320.0,139.84,0,合格,107
E0040,M24,8.8,0,-10,520.0,173.84,0,合格,136
E0041,M12,10.9,1,20,80.0,118.76,0,合格,78
E0042,M16,12.9,2,50,180.0,160.48,0,合格,81
E0043,M20,8.8,0,-10,320.0,186.63,0,合格,98
E0044,M24,10.9,1,20,520.0,164.4,0,合格,134
E0045,M12,12.9,2,50,80.0,110.08,0,合格,80
E0046,M16,8.8,0,-10,180.0,145.35,0,合格,100
E0047,M20,10.9,1,20,320.0,117.44,0,合格,152
E0048,M24,12.9,2,50,520.0,142.06,0,合格,139
E0049,M12,8.8,0,-10,80.0,195.18,0,合格,50
E0050,M16,10.9,1,20,180.0,154.95,0,合格,88
E0051,M20,12.9,2,50,320.0,125.83,0,合格,124
E0052,M24,8.8,0,-10,520.0,156.46,0,合格,150
E0053,M12,10.9,1,20,80.0,166.8,0,合格,55
E0054,M16,12.9,2,50,180.0,166.53,0,合格,73
E0055,M20,8.8,0,-10,320.0,152.21,0,合格,116
E0056,M24,10.9,1,20,520.0,121.01,0,合格,181
E0057,M12,12.9,2,50,80.0,138.39,0,合格,67
E0058,M16,8.8,0,-10,180.0,147.54,0,合格,98
E0059,M20,10.9,1,20,320.0,162.25,0,合格,104
E0060,M24,12.9,2,50,520.0,165.95,0,合格,113
E0061,M12,8.8,0,-10,80.0,135.64,0,合格,74
E0062,M16,10.9,1,20,180.0,169.47,0,合格,77
E0063,M20,12.9,2,50,320.0,188.54,0,合格,86
E0064,M24,8.8,0,-10,520.0,186.86,0,合格,126
E0065,M12,10.9,1,20,80.0,118.15,0,合格,81
E0066,M16,12.9,2,50,180.0,112.46,0,合格,111
E0067,M20,8.8,0,-10,320.0,166.84,0,合格,109
E0068,M24,10.9,1,20,520.0,162.05,0,合格,134
E0069,M12,12.9,2,50,80.0,136.05,0,合格,66
E0070,M16,8.8,0,-10,180.0,152.49,0,合格,96
E0071,M20,10.9,1,20,320.0,135.36,0,合格,130
E0072,M24,12.9,2,50,520.0,156.83,0,合格,129
E0073,M12,8.8,0,-10,80.0,152.9,0,合格,63
E0074,M16,10.9,1,20,180.0,141.44,0,合格,92
E0075,M20,12.9,2,50,320.0,164.92,0,合格,96
E0076,M24,8.8,0,-10,520.0,134.09,0,合格,174
E0077,M12,10.9,1,20,80.0,171.94,0,合格,57
E0078,M16,12.9,2,50,180.0,131.03,0,合格,96
E0079,M20,8.8,0,-10,320.0,172.03,0,合格,112
E0080,M24,10.9,1,20,520.0,109.04,0,合格,186
E0081,M12,12.9,2,50,80.0,191.97,0,合格,47
E0082,M16,8.8,0,-10,180.0,119.5,0,合格,123
E0083,M20,10.9,1,20,320.0,165.98,0,合格,102
E0084,M24,12.9,2,50,520.0,159.61,0,合格,120
E0085,M12,8.8,0,-10,80.0,159.37,0,合格,63
E0086,M16,10.9,1,20,180.0,168.02,0,合格,76
E0087,M20,12.9,2,50,320.0,180.8,0,合格,89
E0088,M24,8.8,0,-10,520.0,188.51,0,合格,126
E0089,M12,10.9,1,20,80.0,192.56,0,合格,52
E0090,M16,12.9,2,50,180.0,130.27,0,合格,101
E0091,M20,8.8,0,-10,320.0,189.4,0,合格,100
E0092,M24,10.9,1,20,520.0,128.32,0,合格,167
E0093,M12,12.9,2,50,80.0,149.85,0,合格,62
E0094,M16,8.8,0,-10,180.0,172.39,0,合格,85
E0095,M20,10.9,1,20,320.0,141.71,0,合格,117
E0096,M24,12.9,2,50,520.0,124.62,0,合格,157
E0097,M12,8.8,0,-10,80.0,113.07,0,合格,91
E0098,M16,10.9,1,20,180.0,151.45,0,合格,87
E0099,M20,12.9,2,50,320.0,177.16,0,合格,85
E0100,M24,8.8,0,-10,520.0,159.33,0,合格,143
E0101,M12,10.9,1,20,80.0,181.64,0,合格,51
E0102,M16,12.9,2,50,180.0,159.49,0,合格,76
E0103,M20,8.8,0,-10,320.0,185.96,0,合格,99
E0104,M24,10.9,1,20,520.0,134.35,0,合格,153
E0105,M12,12.9,2,50,80.0,175.87,0,合格,49
E0106,M16,8.8,0,-10,180.0,122.9,0,合格,116
E0107,M20,10.9,1,20,320.0,144.38,0,合格,116
E0108,M24,12.9,2,50,520.0,178.76,0,合格,109
E0109,M12,8.8,0,-10,80.0,115.13,0,合格,87
E0110,M16,10.9,1,20,180.0,144.03,0,合格,93
E0111,M20,12.9,2,50,320.0,145.11,0,合格,110
E0112,M24,8.8,0,-10,520.0,128.63,0,合格,183
E0113,M12,10.9,1,20,80.0,159.45,0,合格,61
E0114,M16,12.9,2,50,180.0,179.35,0,合格,67
E0115,M20,8.8,0,-10,320.0,158.71,0,合格,113
E0116,M24,10.9,1,20,520.0,183.69,0,合格,115
E0117,M12,12.9,2,50,80.0,154.95,0,合格,56
E0118,M16,8.8,0,-10,180.0,130.29,0,合格,111
E0119,M20,10.9,1,20,320.0,170.37,0,合格,103
E0120,M24,12.9,2,50,520.0,176.44,0,合格,111
E0121,M12,8.8,0,-10,80.0,152.77,0,合格,66
E0122,M16,10.9,1,20,180.0,126.2,0,合格,104
E0123,M20,12.9,2,50,320.0,171.96,0,合格,91
E0124,M24,8.8,0,-10,520.0,140.19,0,合格,161
E0125,M12,10.9,1,20,80.0,180.1,0,合格,50
E0126,M16,12.9,2,50,180.0,156.31,0,合格,80
E0127,M20,8.8,0,-10,320.0,158.48,0,合格,121
E0128,M24,10.9,1,20,520.0,161.45,0,合格,127
E0129,M12,12.9,2,50,80.0,164.0,0,合格,55
E0130,M16,8.8,0,-10,180.0,151.72,0,合格,95
E0131,M20,10.9,1,20,320.0,146.67,0,合格,117
E0132,M24,12.9,2,50,520.0,186.44,0,合格,107
E0133,M12,8.8,0,-10,80.0,126.34,0,合格,83
E0134,M16,10.9,1,20,180.0,143.23,0,合格,90
E0135,M20,12.9,2,50,320.0,184.28,0,合格,88
E0136,M24,8.8,0,-10,520.0,168.31,0,合格,141
E0137,M12,10.9,1,20,80.0,183.11,0,合格,55
E0138,M16,12.9,2,50,180.0,156.13,0,合格,82
E0139,M20,8.8,0,-10,320.0,133.1,0,合格,133
E0140,M24,10.9,1,20,520.0,110.24,0,合格,187
E0141,M12,12.9,2,50,80.0,167.31,0,合格,55
E0142,M16,8.8,0,-10,180.0,145.67,0,合格,96
E0143,M20,10.9,1,20,320.0,130.49,0,合格,126
E0144,M24,12.9,2,50,520.0,170.49,0,合格,109
E0145,M12,8.8,0,-10,80.0,116.71,0,合格,86
E0146,M16,10.9,1,20,180.0,176.9,0,合格,77
E0147,M20,12.9,2,50,320.0,139.01,0,合格,116
E0148,M24,8.8,0,-10,520.0,172.12,0,合格,135
E0149,M12,10.9,1,20,80.0,116.09,0,合格,79
E0150,M16,12.9,2,50,180.0,120.54,0,合格,106
E0151,M20,8.8,0,-10,320.0,179.71,0,合格,102
E0152,M24,10.9,1,20,520.0,163.85,0,合格,136
E0153,M12,12.9,2,50,80.0,144.99,0,合格,57
E0154,M16,8.8,0,-10,180.0,170.82,0,合格,85
E0155,M20,10.9,1,20,320.0,113.66,0,合格,148
E0156,M24,12.9,2,50,520.0,158.2,0,合格,128
E0157,M12,8.8,0,-10,80.0,115.19,0,合格,92
E0158,M16,10.9,1,20,180.0,178.04,0,合格,71
E0159,M20,12.9,2,50,320.0,178.41,0,合格,89
E0160,M24,8.8,0,-10,520.0,186.53,0,合格,125
E0161,M12,10.9,1,20,80.0,132.49,0,合格,72
E0162,M16,12.9,2,50,180.0,173.13,0,合格,72
E0163,M20,8.8,0,-10,320.0,182.72,0,合格,98
E0164,M24,10.9,1,20,520.0,158.82,0,合格,138
E0165,M12,12.9,2,50,80.0,120.96,0,合格,73
E0166,M16,8.8,0,-10,180.0,168.69,0,合格,85
E0167,M20,10.9,1,20,320.0,181.0,0,合格,92
E0168,M24,12.9,2,50,520.0,165.68,0,合格,117
E0169,M12,8.8,0,-10,80.0,145.59,0,合格,70
E0170,M16,10.9,1,20,180.0,114.43,0,合格,116
E0171,M20,12.9,2,50,320.0,145.53,0,合格,110
E0172,M24,8.8,0,-10,520.0,143.02,0,合格,166
E0173,M12,10.9,1,20,80.0,126.85,0,合格,74
E0174,M16,12.9,2,50,180.0,146.58,0,合格,82
E0175,M20,8.8,0,-10,320.0,176.3,0,合格,103
E0176,M24,10.9,1,20,520.0,183.47,0,合格,119
E0177,M12,12.9,2,50,80.0,134.68,0,合格,62
E0178,M16,8.8,0,-10,180.0,127.81,0,合格,107
E0179,M20,10.9,1,20,320.0,115.93,0,合格,146
E0180,M24,12.9,2,50,520.0,131.16,0,合格,149
E0181,M12,8.8,0,-10,80.0,179.4,0,合格,55
E0182,M16,10.9,1,20,180.0,119.51,0,合格,111
E0183,M20,12.9,2,50,320.0,141.46,0,合格,114
E0184,M24,8.8,0,-10,520.0,158.56,0,合格,150
E0185,M12,10.9,1,20,80.0,136.28,0,合格,68
E0186,M16,12.9,2,50,180.0,108.9,0,合格,112
E0187,M20,8.8,0,-10,320.0,169.49,0,合格,102
E0188,M24,10.9,1,20,520.0,141.95,0,合格,151
E0189,M12,12.9,2,50,80.0,172.43,0,合格,54
E0190,M16,8.8,0,-10,180.0,165.49,0,合格,90
E0191,M20,10.9,1,20,320.0,144.34,0,合格,123
E0192,M24,12.9,2,50,520.0,148.33,0,合格,127
E0193,M12,8.8,0,-10,80.0,143.96,0,合格,69
E0194,M16,10.9,1,20,180.0,193.52,0,合格,70
E0195,M20,12.9,2,50,320.0,159.21,0,合格,105
E0196,M24,8.8,0,-10,520.0,116.27,0,合格,192
E0197,M12,10.9,1,20,80.0,154.33,0,合格,61
E0198,M16,12.9,2,50,180.0,158.37,0,合格,81
E0199,M20,8.8,0,-10,320.0,179.93,0,合格,101
E0200,M24,10.9,1,20,520.0,136.41,0,合格,158
E0201,M12,12.9,2,50,80.0,135.42,0,合格,62
E0202,M16,8.8,0,-10,180.0,125.97,0,合格,114
E0203,M20,10.9,1,20,320.0,117.29,0,合格,139
E0204,M24,12.9,2,50,520.0,119.42,0,合格,158
E0205,M12,8.8,0,-10,80.0,155.56,0,合格,65
E0206,M16,10.9,1,20,180.0,187.34,0,合格,70
E0207,M20,12.9,2,50,320.0,173.82,0,合格,91
E0208,M24,8.8,0,-10,520.0,130.12,0,合格,170
E0209,M12,10.9,1,20,80.0,184.2,0,合格,51
E0210,M16,12.9,2,50,180.0,121.87,0,合格,96
E0211,M20,8.8,0,-10,320.0,161.1,0,合格,112
E0212,M24,10.9,1,20,520.0,129.55,0,合格,166
E0213,M12,12.9,2,50,80.0,161.25,0,合格,53
E0214,M16,8.8,0,-10,180.0,144.72,0,合格,100
E0215,M20,10.9,1,20,320.0,142.58,0,合格,118
E0216,M24,12.9,2,50,520.0,121.87,0,合格,163
E0217,M12,8.8,0,-10,80.0,125.46,0,合格,79
E0218,M16,10.9,1,20,180.0,122.25,0,合格,109
E0219,M20,12.9,2,50,320.0,188.8,0,合格,80
E0220,M24,8.8,0,-10,520.0,149.52,0,合格,146
E0221,M12,10.9,1,20,80.0,115.15,0,合格,83
E0222,M16,12.9,2,50,180.0,183.16,0,合格,68
E0223,M20,8.8,0,-10,320.0,114.3,0,合格,161
E0224,M24,10.9,1,20,520.0,133.63,0,合格,155
E0225,M12,12.9,2,50,80.0,160.01,0,合格,53
E0226,M16,8.8,0,-10,180.0,145.77,0,合格,102
E0227,M20,10.9,1,20,320.0,182.59,0,合格,92
E0228,M24,12.9,2,50,520.0,197.11,0,合格,101
E0229,M12,8.8,0,-10,80.0,161.71,0,合格,65
E0230,M16,10.9,1,20,180.0,140.15,0,合格,94
E0231,M20,12.9,2,50,320.0,190.18,0,合格,84
E0232,M24,8.8,0,-10,520.0,193.93,0,合格,120
E0233,M12,10.9,1,20,80.0,158.8,0,合格,60
E0234,M16,12.9,2,50,180.0,161.08,0,合格,74
E0235,M20,8.8,0,-10,320.0,150.02,0,合格,126
E0236,M24,10.9,1,20,520.0,173.91,0,合格,122
E0237,M12,12.9,2,50,80.0,175.83,0,合格,50
E0238,M16,8.8,0,-10,180.0,120.19,0,合格,126
E0239,M20,10.9,1,20,320.0,111.84,0,合格,147
E0240,M24,12.9,2,50,520.0,178.06,0,合格,111
E0241,M12,8.8,0,-10,80.0,138.76,0,合格,71
E0242,M16,10.9,1,20,180.0,136.72,0,合格,97
E0243,M20,12.9,2,50,320.0,114.47,0,合格,138
E0244,M24,8.8,0,-10,520.0,143.11,0,合格,158
E0245,M12,10.9,1,20,80.0,133.1,0,合格,68
E0246,M16,12.9,2,50,180.0,158.49,0,合格,80
E0247,M20,8.8,0,-10,320.0,156.56,0,合格,119
E0248,M24,10.9,1,20,520.0,120.21,0,合格,179
E0249,M12,12.9,2,50,80.0,108.71,0,合格,86
E0250,M16,8.8,0,-10,180.0,183.12,0,合格,83
E0251,M20,10.9,1,20,320.0,165.76,0,合格,107
E0252,M24,12.9,2,50,520.0,111.01,0,合格,169
E0253,M12,8.8,0,-10,80.0,113.68,0,合格,88
E0254,M16,10.9,1,20,180.0,120.4,0,合格,109
E0255,M20,12.9,2,50,320.0,168.6,0,合格,89
E0256,M24,8.8,0,-10,520.0,160.12,0,合格,144
E0257,M12,10.9,1,20,80.0,136.81,0,合格,66
E0258,M16,12.9,2,50,180.0,139.53,0,合格,92
E0259,M20,8.8,0,-10,320.0,112.57,0,合格,159
E0260,M24,10.9,1,20,520.0,120.99,0,合格,177
E0261,M12,12.9,2,50,80.0,122.51,0,合格,73
E0262,M16,8.8,0,-10,180.0,163.58,0,合格,88
E0263,M20,10.9,1,20,320.0,123.28,0,合格,138
E0264,M24,12.9,2,50,520.0,140.23,0,合格,141
E0265,M12,8.8,0,-10,80.0,141.43,0,合格,74
E0266,M16,10.9,1,20,180.0,113.47,0,合格,114
E0267,M20,12.9,2,50,320.0,117.5,0,合格,130
E0268,M24,8.8,0,-10,520.0,128.47,0,合格,184
E0269,M12,10.9,1,20,80.0,181.15,0,合格,48
E0270,M16,12.9,2,50,180.0,178.26,0,合格,72
E0271,M20,8.8,0,-10,320.0,115.77,0,合格,158
E0272,M24,10.9,1,20,520.0,139.5,0,合格,157
E0273,M12,12.9,2,50,80.0,165.56,0,合格,53
E0274,M16,8.8,0,-10,180.0,172.89,0,合格,80
E0275,M20,10.9,1,20,320.0,166.71,0,合格,102
E0276,M24,12.9,2,50,520.0,136.47,0,合格,139
E0277,M12,8.8,0,-10,80.0,171.9,0,合格,59
E0278,M16,10.9,1,20,180.0,185.0,0,合格,70
E0279,M20,12.9,2,50,320.0,112.96,0,合格,140
E0280,M24,8.8,0,-10,520.0,119.24,0,合格,201
E0281,M12,10.9,1,20,80.0,156.95,0,合格,56
E0282,M16,12.9,2,50,180.0,167.91,0,合格,72
E0283,M20,8.8,0,-10,320.0,112.54,0,合格,168
E0284,M24,10.9,1,20,520.0,171.14,0,合格,126
E0285,M12,12.9,2,50,80.0,173.85,0,合格,53
E0286,M16,8.8,0,-10,180.0,155.92,0,合格,92
E0287,M20,10.9,1,20,320.0,131.99,0,合格,129
E0288,M24,12.9,2,50,520.0,168.44,0,合格,114
E0289,M12,8.8,0,-10,80.0,168.89,0,合格,57
E0290,M16,10.9,1,20,180.0,121.86,0,合格,105
E0291,M20,12.9,2,50,320.0,180.52,0,合格,88
E0292,M24,8.8,0,-10,520.0,109.37,0,合格,217
E0293,M12,10.9,1,20,80.0,113.66,0,合格,87
E0294,M16,12.9,2,50,180.0,137.81,0,合格,91
E0295,M20,8.8,0,-10,320.0,143.05,0,合格,127
E0296,M24,10.9,1,20,520.0,125.58,0,合格,168
E0297,M12,12.9,2,50,80.0,175.63,0,合格,51
E0298,M16,8.8,0,-10,180.0,175.28,0,合格,84
E0299,M20,10.9,1,20,320.0,166.23,0,合格,107
E0300,M24,12.9,2,50,520.0,153.31,0,合格,132
E0301,M12,8.8,0,-10,80.0,107.86,0,合格,95
E0302,M16,10.9,1,20,180.0,135.03,0,合格,99
E0303,M20,12.9,2,50,320.0,161.89,0,合格,101
E0304,M24,8.8,0,-10,520.0,147.22,0,合格,166
E0305,M12,10.9,1,20,80.0,171.79,0,合格,55
E0306,M16,12.9,2,50,180.0,160.38,0,合格,77
E0307,M20,8.8,0,-10,320.0,153.32,0,合格,113
E0308,M24,10.9,1,20,520.0,193.32,0,合格,109
E0309,M12,12.9,2,50,80.0,118.28,0,合格,76
E0310,M16,8.8,0,-10,180.0,190.28,0,合格,74
E0311,M20,10.9,1,20,320.0,115.56,0,合格,141
E0312,M24,12.9,2,50,520.0,154.83,0,合格,128
E0313,M12,8.8,0,-10,80.0,114.6,0,合格,87
E0314,M16,10.9,1,20,180.0,138.82,0,合格,102
E0315,M20,12.9,2,50,320.0,174.09,0,合格,93
E0316,M24,8.8,0,-10,520.0,129.95,0,合格,179
E0317,M12,10.9,1,20,80.0,113.61,0,合格,84
E0318,M16,12.9,2,50,180.0,135.7,0,合格,92
E0319,M20,8.8,0,-10,320.0,150.02,0,合格,125
E0320,M24,10.9,1,20,520.0,145.33,0,合格,143
E0321,M12,12.9,2,50,80.0,143.14,0,合格,59
E0322,M16,8.8,0,-10,180.0,128.42,0,合格,117
E0323,M20,10.9,1,20,320.0,140.68,0,合格,120
E0324,M24,12.9,2,50,520.0,143.54,0,合格,136
E0325,M12,8.8,0,-10,80.0,192.59,0,合格,51
E0326,M16,10.9,1,20,180.0,162.87,0,合格,79
E0327,M20,12.9,2,50,320.0,156.38,0,合格,107
E0328,M24,8.8,0,-10,520.0,147.51,0,合格,164
E0329,M12,10.9,1,20,80.0,165.92,0,合格,58
E0330,M16,12.9,2,50,180.0,156.7,0,合格,83
E0331,M20,8.8,0,-10,320.0,140.48,0,合格,127
E0332,M24,10.9,1,20,520.0,181.61,0,合格,119
E0333,M12,12.9,2,50,80.0,134.99,0,合格,66
E0334,M16,8.8,0,-10,180.0,126.98,0,合格,114
E0335,M20,10.9,1,20,320.0,121.47,0,合格,143
E0336,M24,12.9,2,50,520.0,131.82,0,合格,153
E0337,M12,8.8,0,-10,80.0,131.67,0,合格,76
E0338,M16,10.9,1,20,180.0,153.13,0,合格,85
E0339,M20,12.9,2,50,320.0,161.94,0,合格,100
E0340,M24,8.8,0,-10,520.0,122.69,0,合格,186
E0341,M12,10.9,1,20,80.0,171.23,0,合格,58
E0342,M16,12.9,2,50,180.0,154.69,0,合格,77
E0343,M20,8.8,0,-10,320.0,121.75,0,合格,142
E0344,M24,10.9,1,20,520.0,158.49,0,合格,129
E0345,M12,12.9,2,50,80.0,146.06,0,合格,64
E0346,M16,8.8,0,-10,180.0,185.37,0,合格,75
E0347,M20,10.9,1,20,320.0,142.36,0,合格,120
E0348,M24,12.9,2,50,520.0,170.47,0,合格,112
E0349,M12,8.8,0,-10,80.0,190.53,0,合格,52
E0350,M16,10.9,1,20,180.0,122.38,0,合格,105
E0351,M20,12.9,2,50,320.0,182.25,0,合格,87
E0352,M24,8.8,0,-10,520.0,158.58,0,合格,148
E0353,M12,10.9,1,20,80.0,120.01,0,合格,83
E0354,M16,12.9,2,50,180.0,170.38,0,合格,73
E0355,M20,8.8,0,-10,320.0,121.35,0,合格,157
E0356,M24,10.9,1,20,520.0,187.01,0,合格,112
E0357,M12,12.9,2,50,80.0,147.69,0,合格,65
E0358,M16,8.8,0,-10,180.0,157.44,0,合格,91
E0359,M20,10.9,1,20,320.0,169.39,0,合格,103
E0360,M24,12.9,2,50,520.0,179.66,0,合格,109
E0361,M12,8.8,0,-10,80.0,139.22,0,合格,69
E0362,M16,10.9,1,20,180.0,184.56,0,合格,73
E0363,M20,12.9,2,50,320.0,168.29,0,合格,94
E0364,M24,8.8,0,-10,520.0,164.28,0,合格,143
E0365,M12,10.9,1,20,80.0,131.04,0,合格,67
E0366,M16,12.9,2,50,180.0,181.87,0,合格,66
E0367,M20,8.8,0,-10,320.0,124.67,0,合格,148
E0368,M24,10.9,1,20,520.0,170.25,0,合格,123
E0369,M12,12.9,2,50,80.0,165.98,0,合格,51
E0370,M16,8.8,0,-10,180.0,154.72,0,合格,97
E0371,M20,10.9,1,20,320.0,128.27,0,合格,137
E0372,M24,12.9,2,50,520.0,112.17,0,合格,174
E0373,M12,8.8,0,-10,80.0,168.0,0,合格,62
E0374,M16,10.9,1,20,180.0,144.41,0,合格,96
E0375,M20,12.9,2,50,320.0,144.22,0,合格,110
E0376,M24,8.8,0,-10,520.0,152.05,0,合格,145
E0377,M12,10.9,1,20,80.0,179.3,0,合格,51
E0378,M16,12.9,2,50,180.0,187.09,0,合格,70
E0379,M20,8.8,0,-10,320.0,167.53,0,合格,109
E0380,M24,10.9,1,20,520.0,128.59,0,合格,165
E0381,M12,12.9,2,50,80.0,179.12,0,合格,49
E0382,M16,8.8,0,-10,180.0,189.46,0,合格,73
E0383,M20,10.9,1,20,320.0,155.03,0,合格,111
E0384,M24,12.9,2,50,520.0,122.89,0,合格,157
E0385,M12,8.8,0,-10,80.0,136.77,0,合格,73
E0386,M16,10.9,1,20,180.0,143.39,0,合格,88
E0387,M20,12.9,2,50,320.0,195.75,0,合格,79
E0388,M24,8.8,0,-10,520.0,112.47,0,合格,211
E0389,M12,10.9,1,20,80.0,110.42,0,合格,83
E0390,M16,12.9,2,50,180.0,164.54,0,合格,80
E0391,M20,8.8,0,-10,320.0,114.05,0,合格,155
E0392,M24,10.9,1,20,520.0,108.68,0,合格,198
E0393,M12,12.9,2,50,80.0,165.28,0,合格,51
E0394,M16,8.8,0,-10,180.0,135.78,0,合格,107
E0395,M20,10.9,1,20,320.0,109.92,0,合格,157
E0396,M24,12.9,2,50,520.0,174.45,0,合格,111
E0397,M12,8.8,0,-10,80.0,182.94,0,合格,56
E0398,M16,10.9,1,20,180.0,177.08,0,合格,71
E0399,M20,12.9,2,50,320.0,169.73,0,合格,95
E0400,M24,8.8,0,-10,520.0,157.74,0,合格,141
E0401,M12,10.9,1,20,80.0,193.55,0,合格,47
E0402,M16,12.9,2,50,180.0,159.49,0,合格,79
E0403,M20,8.8,0,-10,320.0,142.93,0,合格,130
E0404,M24,10.9,1,20,520.0,174.21,0,合格,123
E0405,M12,12.9,2,50,80.0,162.8,0,合格,54
E0406,M16,8.8,0,-10,180.0,185.65,0,合格,83
E0407,M20,10.9,1,20,320.0,134.43,0,合格,124
E0408,M24,12.9,2,50,520.0,182.21,0,合格,106
E0409,M12,8.8,0,-10,80.0,130.36,0,合格,77
E0410,M16,10.9,1,20,180.0,116.3,0,合格,115
E0411,M20,12.9,2,50,320.0,132.67,0,合格,118
E0412,M24,8.8,0,-10,520.0,120.41,0,合格,185
E0413,M12,10.9,1,20,80.0,185.44,0,合格,49
E0414,M16,12.9,2,50,180.0,141.76,0,合格,90
E0415,M20,8.8,0,-10,320.0,134.89,0,合格,142
E0416,M24,10.9,1,20,520.0,151.6,0,合格,139
E0417,M12,12.9,2,50,80.0,131.25,0,合格,69
E0418,M16,8.8,0,-10,180.0,141.35,0,合格,104
E0419,M20,10.9,1,20,320.0,118.21,0,合格,143
E0420,M24,12.9,2,50,520.0,117.86,0,合格,162
E0421,M12,8.8,0,-10,80.0,112.59,0,合格,84
E0422,M16,10.9,1,20,180.0,180.84,0,合格,74
E0423,M20,12.9,2,50,320.0,117.93,0,合格,135
E0424,M24,8.8,0,-10,520.0,139.81,0,合格,164
E0425,M12,10.9,1,20,80.0,193.24,0,合格,49
E0426,M16,12.9,2,50,180.0,137.52,0,合格,87
E0427,M20,8.8,0,-10,320.0,131.03,0,合格,139
E0428,M24,10.9,1,20,520.0,156.19,0,合格,133
E0429,M12,12.9,2,50,80.0,138.23,0,合格,69
E0430,M16,8.8,0,-10,180.0,146.97,0,合格,93
E0431,M20,10.9,1,20,320.0,117.38,0,合格,147
E0432,M24,12.9,2,50,520.0,111.56,0,合格,183
E0433,M12,8.8,0,-10,80.0,173.05,0,合格,56
E0434,M16,10.9,1,20,180.0,179.75,0,合格,75
E0435,M20,12.9,2,50,320.0,175.97,0,合格,95
E0436,M24,8.8,0,-10,520.0,144.73,0,合格,158
E0437,M12,10.9,1,20,80.0,143.7,0,合格,67
E0438,M16,12.9,2,50,180.0,174.17,0,合格,69
E0439,M20,8.8,0,-10,320.0,166.75,0,合格,109
E0440,M24,10.9,1,20,520.0,154.39,0,合格,141
E0441,M12,12.9,2,50,80.0,143.35,0,合格,58
E0442,M16,8.8,0,-10,180.0,157.04,0,合格,89
E0443,M20,10.9,1,20,320.0,156.02,0,合格,105
E0444,M24,12.9,2,50,520.0,133.38,0,合格,146
E0445,M12,8.8,0,-10,80.0,146.92,0,合格,66
E0446,M16,10.9,1,20,180.0,170.16,0,合格,77
E0447,M20,12.9,2,50,320.0,162.72,0,合格,97
E0448,M24,8.8,0,-10,520.0,121.24,0,合格,179
E0449,M12,10.9,1,20,80.0,179.27,0,合格,51
E0450,M16,12.9,2,50,180.0,125.87,0,合格,101
E0451,M20,8.8,0,-10,320.0,114.59,0,合格,158
E0452,M24,10.9,1,20,520.0,121.75,0,合格,168
E0453,M12,12.9,2,50,80.0,172.38,0,合格,50
E0454,M16,8.8,0,-10,180.0,123.35,0,合格,120
E0455,M20,10.9,1,20,320.0,123.93,0,合格,142
E0456,M24,12.9,2,50,520.0,178.65,0,合格,108
E0457,M12,8.8,0,-10,80.0,165.3,0,合格,63
E0458,M16,10.9,1,20,180.0,149.64,0,合格,87
E0459,M20,12.9,2,50,320.0,131.0,0,合格,119
E0460,M24,8.8,0,-10,520.0,151.6,0,合格,162
E0461,M12,10.9,1,20,80.0,118.63,0,合格,79
E0462,M16,12.9,2,50,180.0,116.11,0,合格,111
E0463,M20,8.8,0,-10,320.0,179.08,0,合格,101
E0464,M24,10.9,1,20,520.0,160.61,0,合格,139
E0465,M12,12.9,2,50,80.0,190.12,0,合格,48
E0466,M16,8.8,0,-10,180.0,161.85,0,合格,89
E0467,M20,10.9,1,20,320.0,176.27,0,合格,99
E0468,M24,12.9,2,50,520.0,151.76,0,合格,134
E0469,M12,8.8,0,-10,80.0,156.55,0,合格,61
E0470,M16,10.9,1,20,180.0,151.51,0,合格,83
E0471,M20,12.9,2,50,320.0,181.05,0,合格,85
E0472,M24,8.8,0,-10,520.0,140.57,0,合格,163
E0473,M12,10.9,1,20,80.0,128.0,0,合格,73
E0474,M16,12.9,2,50,180.0,173.88,0,合格,74
E0475,M20,8.8,0,-10,320.0,192.92,0,合格,92
E0476,M24,10.9,1,20,520.0,131.59,0,合格,162
E0477,M12,12.9,2,50,80.0,173.52,0,合格,53
E0478,M16,8.8,0,-10,180.0,154.7,0,合格,92
E0479,M20,10.9,1,20,320.0,136.84,0,合格,130
E0480,M24,12.9,2,50,520.0,112.74,0,合格,169
E0481,M12,8.8,0,-10,80.0,182.85,0,合格,56
E0482,M16,10.9,1,20,180.0,129.02,0,合格,103
E0483,M20,12.9,2,50,320.0,121.55,0,合格,128
E0484,M24,8.8,0,-10,520.0,133.44,0,合格,180
E0485,M12,10.9,1,20,80.0,180.69,0,合格,52
E0486,M16,12.9,2,50,180.0,141.68,0,合格,88
E0487,M20,8.8,0,-10,320.0,148.97,0,合格,126
E0488,M24,10.9,1,20,520.0,183.21,0,合格,117
E0489,M12,12.9,2,50,80.0,121.92,0,合格,73
E0490,M16,8.8,0,-10,180.0,181.11,0,合格,80
E0491,M20,10.9,1,20,320.0,168.03,0,合格,98
E0492,M24,12.9,2,50,520.0,114.5,0,合格,165
E0493,M12,8.8,0,-10,80.0,110.37,0,合格,94
E0494,M16,10.9,1,20,180.0,153.73,0,合格,91
E0495,M20,12.9,2,50,320.0,122.91,0,合格,128
E0496,M24,8.8,0,-10,520.0,162.19,0,合格,143
E0497,M12,10.9,1,20,80.0,139.64,0,合格,70
E0498,M16,12.9,2,50,180.0,168.03,0,合格,77
E0499,M20,8.8,0,-10,320.0,168.41,0,合格,106
E0500,M24,10.9,1,20,520.0,119.89,0,合格,168
E0501,M12,12.9,2,50,80.0,182.47,0,合格,49
E0502,M16,8.8,0,-10,180.0,180.63,0,合格,77
E0503,M20,10.9,1,20,320.0,153.5,0,合格,109
E0504,M24,12.9,2,50,520.0,126.44,0,合格,158
E0505,M12,8.8,0,-10,80.0,141.16,0,合格,72
E0506,M16,10.9,1,20,180.0,171.53,0,合格,81
E0507,M20,12.9,2,50,320.0,156.21,0,合格,99
E0508,M24,8.8,0,-10,520.0,166.55,0,合格,139
E0509,M12,10.9,1,20,80.0,185.72,0,合格,49
E0510,M16,12.9,2,50,180.0,156.85,0,合格,83
E0511,M20,8.8,0,-10,320.0,148.32,0,合格,119
E0512,M24,10.9,1,20,520.0,195.0,0,合格,113
E0513,M12,12.9,2,50,80.0,129.99,0,合格,66
E0514,M16,8.8,0,-10,180.0,168.23,0,合格,84
E0515,M20,10.9,1,20,320.0,182.58,0,合格,90
E0516,M24,12.9,2,50,520.0,124.54,0,合格,153
E0517,M12,8.8,0,-10,80.0,124.6,0,合格,82
E0518,M16,10.9,1,20,180.0,187.55,0,合格,74
E0519,M20,12.9,2,50,320.0,121.26,0,合格,129
E0520,M24,8.8,0,-10,520.0,166.1,0,合格,143
E0521,M12,10.9,1,20,80.0,146.25,0,合格,63
E0522,M16,12.9,2,50,180.0,137.51,0,合格,91
E0523,M20,8.8,0,-10,320.0,163.83,0,合格,112
E0524,M24,10.9,1,20,520.0,148.74,0,合格,139
E0525,M12,12.9,2,50,80.0,114.87,0,合格,82
E0526,M16,8.8,0,-10,180.0,178.82,0,合格,81
E0527,M20,10.9,1,20,320.0,136.0,0,合格,123
E0528,M24,12.9,2,50,520.0,133.59,0,合格,147
E0529,M12,8.8,0,-10,80.0,118.7,0,合格,89
E0530,M16,10.9,1,20,180.0,131.86,0,合格,102
E0531,M20,12.9,2,50,320.0,192.91,0,合格,84
E0532,M24,8.8,0,-10,520.0,152.76,0,合格,147
E0533,M12,10.9,1,20,80.0,118.63,0,合格,76
E0534,M16,12.9,2,50,180.0,160.37,0,合格,79
E0535,M20,8.8,0,-10,320.0,112.98,0,合格,161
E0536,M24,10.9,1,20,520.0,148.14,0,合格,142
E0537,M12,12.9,2,50,80.0,135.3,0,合格,66
E0538,M16,8.8,0,-10,180.0,156.18,0,合格,90
E0539,M20,10.9,1,20,320.0,143.17,0,合格,116
E0540,M24,12.9,2,50,520.0,142.35,0,合格,138
E0541,M12,8.8,0,-10,80.0,171.4,0,合格,57
E0542,M16,10.9,1,20,180.0,156.76,0,合格,89
E0543,M20,12.9,2,50,320.0,111.61,0,合格,139
E0544,M24,8.8,0,-10,520.0,188.23,0,合格,125
E0545,M12,10.9,1,20,80.0,135.96,0,合格,70
E0546,M16,12.9,2,50,180.0,155.4,0,合格,82
E0547,M20,8.8,0,-10,320.0,187.29,0,合格,93
E0548,M24,10.9,1,20,520.0,157.33,0,合格,141
E0549,M12,12.9,2,50,80.0,190.55,0,合格,48
E0550,M16,8.8,0,-10,180.0,114.45,0,合格,121
E0551,M20,10.9,1,20,320.0,123.53,0,合格,135
E0552,M24,12.9,2,50,520.0,113.05,0,合格,175
E0553,M12,8.8,0,-10,80.0,126.47,0,合格,78
E0554,M16,10.9,1,20,180.0,154.82,0,合格,87
E0555,M20,12.9,2,50,320.0,109.98,0,合格,147
E0556,M24,8.8,0,-10,520.0,132.34,0,合格,168
E0557,M12,10.9,1,20,80.0,147.06,0,合格,61
E0558,M16,12.9,2,50,180.0,126.22,0,合格,100
E0559,M20,8.8,0,-10,320.0,130.86,0,合格,138
E0560,M24,10.9,1,20,520.0,143.02,0,合格,143
E0561,M12,12.9,2,50,80.0,141.32,0,合格,62
E0562,M16,8.8,0,-10,180.0,125.35,0,合格,114
E0563,M20,10.9,1,20,320.0,164.88,0,合格,103
E0564,M24,12.9,2,50,520.0,119.52,0,合格,163
E0565,M12,8.8,0,-10,80.0,128.59,0,合格,79
E0566,M16,10.9,1,20,180.0,139.76,0,合格,91
E0567,M20,12.9,2,50,320.0,168.56,0,合格,91
E0568,M24,8.8,0,-10,520.0,182.08,0,合格,130
E0569,M12,10.9,1,20,80.0,146.27,0,合格,68
E0570,M16,12.9,2,50,180.0,123.32,0,合格,100
E0571,M20,8.8,0,-10,320.0,174.12,0,合格,108
E0572,M24,10.9,1,20,520.0,176.96,0,合格,122
E0573,M12,12.9,2,50,80.0,174.15,0,合格,53
E0574,M16,8.8,0,-10,180.0,148.02,0,合格,100
E0575,M20,10.9,1,20,320.0,131.6,0,合格,136
E0576,M24,12.9,2,50,520.0,161.87,0,合格,118
E0577,M12,8.8,0,-10,80.0,113.9,0,合格,88
E0578,M16,10.9,1,20,180.0,180.21,0,合格,72
E0579,M20,12.9,2,50,320.0,147.13,0,合格,107
E0580,M24,8.8,0,-10,520.0,182.71,0,合格,127
E0581,M12,10.9,1,20,80.0,178.5,0,合格,53
E0582,M16,12.9,2,50,180.0,151.46,0,合格,81
E0583,M20,8.8,0,-10,320.0,110.91,0,合格,162
E0584,M24,10.9,1,20,520.0,136.84,0,合格,159
E0585,M12,12.9,2,50,80.0,149.66,0,合格,55
E0586,M16,8.8,0,-10,180.0,156.4,0,合格,88
E0587,M20,10.9,1,20,320.0,123.61,0,合格,133
E0588,M24,12.9,2,50,520.0,143.18,0,合格,143
E0589,M12,8.8,0,-10,80.0,130.39,0,合格,78
E0590,M16,10.9,1,20,180.0,140.9,0,合格,93
E0591,M20,12.9,2,50,320.0,159.26,0,合格,98
E0592,M24,8.8,0,-10,520.0,176.78,0,合格,132
E0593,M12,10.9,1,20,80.0,152.43,0,合格,58
E0594,M16,12.9,2,50,180.0,152.35,0,合格,82
E0595,M20,8.8,0,-10,320.0,137.78,0,合格,141
E0596,M24,10.9,1,20,520.0,144.01,0,合格,141
E0597,M12,12.9,2,50,80.0,188.0,0,合格,45
E0598,M16,8.8,0,-10,180.0,163.82,0,合格,86
E0599,M20,10.9,1,20,320.0,116.13,0,合格,140
E0600,M24,12.9,2,50,520.0,128.29,0,合格,148
E0601,M12,8.8,0,-10,80.0,108.97,1,欠拧,69
E0602,M16,10.9,1,20,180.0,174.63,1,欠拧,62
E0603,M20,12.9,2,50,320.0,133.92,1,欠拧,89
E0604,M24,8.8,0,-10,520.0,172.39,1,欠拧,103
E0605,M12,10.9,1,20,80.0,130.95,1,欠拧,51
E0606,M16,12.9,2,50,180.0,183.52,1,欠拧,52
E0607,M20,8.8,0,-10,320.0,181.17,1,欠拧,71
E0608,M24,10.9,1,20,520.0,164.52,1,欠拧,84
E0609,M12,12.9,2,50,80.0,113.02,1,欠拧,55
E0610,M16,8.8,0,-10,180.0,135.86,1,欠拧,74
E0611,M20,10.9,1,20,320.0,132.07,1,欠拧,94
E0612,M24,12.9,2,50,520.0,127.24,1,欠拧,107
E0613,M12,8.8,0,-10,80.0,181.64,1,欠拧,42
E0614,M16,10.9,1,20,180.0,157.1,1,欠拧,71
E0615,M20,12.9,2,50,320.0,129.99,1,欠拧,102
E0616,M24,8.8,0,-10,520.0,173.03,1,欠拧,105
E0617,M12,10.9,1,20,80.0,148.2,1,欠拧,42
E0618,M16,12.9,2,50,180.0,157.73,1,欠拧,54
E0619,M20,8.8,0,-10,320.0,172.42,1,欠拧,84
E0620,M24,10.9,1,20,520.0,123.34,1,欠拧,135
E0621,M12,12.9,2,50,80.0,110.07,1,欠拧,60
E0622,M16,8.8,0,-10,180.0,117.62,1,欠拧,84
E0623,M20,10.9,1,20,320.0,137.28,1,欠拧,93
E0624,M24,12.9,2,50,520.0,132.37,1,欠拧,104
E0625,M12,8.8,0,-10,80.0,115.76,1,欠拧,61
E0626,M16,10.9,1,20,180.0,183.3,1,欠拧,54
E0627,M20,12.9,2,50,320.0,159.33,1,欠拧,78
E0628,M24,8.8,0,-10,520.0,196.06,1,欠拧,83
E0629,M12,10.9,1,20,80.0,177.3,1,欠拧,38
E0630,M16,12.9,2,50,180.0,141.8,1,欠拧,68
E0631,M20,8.8,0,-10,320.0,115.05,1,欠拧,111
E0632,M24,10.9,1,20,520.0,174.87,1,欠拧,87
E0633,M12,12.9,2,50,80.0,160.53,1,欠拧,44
E0634,M16,8.8,0,-10,180.0,155.33,1,欠拧,70
E0635,M20,10.9,1,20,320.0,174.37,1,欠拧,70
E0636,M24,12.9,2,50,520.0,154.01,1,欠拧,105
E0637,M12,8.8,0,-10,80.0,184.94,1,欠拧,37
E0638,M16,10.9,1,20,180.0,120.07,1,欠拧,75
E0639,M20,12.9,2,50,320.0,161.74,1,欠拧,74
E0640,M24,8.8,0,-10,520.0,135.95,1,欠拧,124
E0641,M12,10.9,1,20,80.0,164.58,1,欠拧,42
E0642,M16,12.9,2,50,180.0,165.83,1,欠拧,60
E0643,M20,8.8,0,-10,320.0,151.3,1,欠拧,102
E0644,M24,10.9,1,20,520.0,167.97,1,欠拧,90
E0645,M12,12.9,2,50,80.0,162.49,1,欠拧,42
E0646,M16,8.8,0,-10,180.0,106.01,1,欠拧,102
E0647,M20,10.9,1,20,320.0,190.28,1,欠拧,72
E0648,M24,12.9,2,50,520.0,178.84,1,欠拧,90
E0649,M12,8.8,0,-10,80.0,120.59,1,欠拧,59
E0650,M16,10.9,1,20,180.0,118.07,1,欠拧,83
E0651,M20,12.9,2,50,320.0,168.69,1,欠拧,77
E0652,M24,8.8,0,-10,520.0,176.61,1,欠拧,99
E0653,M12,10.9,1,20,80.0,118.61,1,欠拧,65
E0654,M16,12.9,2,50,180.0,129.63,1,欠拧,73
E0655,M20,8.8,0,-10,320.0,134.02,1,欠拧,96
E0656,M24,10.9,1,20,520.0,183.15,1,欠拧,93
E0657,M12,12.9,2,50,80.0,189.59,1,欠拧,38
E0658,M16,8.8,0,-10,180.0,123.38,1,欠拧,84
E0659,M20,10.9,1,20,320.0,167.67,1,欠拧,77
E0660,M24,12.9,2,50,520.0,170.99,1,欠拧,85
E0661,M12,8.8,0,-10,80.0,111.87,1,欠拧,65
E0662,M16,10.9,1,20,180.0,184.47,1,欠拧,56
E0663,M20,12.9,2,50,320.0,160.3,1,欠拧,79
E0664,M24,8.8,0,-10,520.0,137.34,1,欠拧,117
E0665,M12,10.9,1,20,80.0,164.01,1,欠拧,40
E0666,M16,12.9,2,50,180.0,191.37,1,欠拧,50
E0667,M20,8.8,0,-10,320.0,155.4,1,欠拧,82
E0668,M24,10.9,1,20,520.0,168.26,1,欠拧,95
E0669,M12,12.9,2,50,80.0,142.94,1,欠拧,43
E0670,M16,8.8,0,-10,180.0,124.75,1,欠拧,86
E0671,M20,10.9,1,20,320.0,194.26,1,欠拧,64
E0672,M24,12.9,2,50,520.0,158.56,1,欠拧,89
E0673,M12,8.8,0,-10,80.0,166.55,1,欠拧,46
E0674,M16,10.9,1,20,180.0,166.24,1,欠拧,64
E0675,M20,12.9,2,50,320.0,181.26,1,欠拧,69
E0676,M24,8.8,0,-10,520.0,178.56,1,欠拧,92
E0677,M12,10.9,1,20,80.0,163.78,1,欠拧,40
E0678,M16,12.9,2,50,180.0,129.28,1,欠拧,70
E0679,M20,8.8,0,-10,320.0,117.8,1,欠拧,102
E0680,M24,10.9,1,20,520.0,140.53,1,欠拧,125
E0681,M12,12.9,2,50,80.0,114.81,1,欠拧,55
E0682,M16,8.8,0,-10,180.0,143.64,1,欠拧,78
E0683,M20,10.9,1,20,320.0,191.97,1,欠拧,64
E0684,M24,12.9,2,50,520.0,147.78,1,欠拧,106
E0685,M12,8.8,0,-10,80.0,114.03,1,欠拧,70
E0686,M16,10.9,1,20,180.0,167.92,1,欠拧,64
E0687,M20,12.9,2,50,320.0,156.65,1,欠拧,77
E0688,M24,8.8,0,-10,520.0,168.59,1,欠拧,99
E0689,M12,10.9,1,20,80.0,132.24,1,欠拧,54
E0690,M16,12.9,2,50,180.0,114.8,1,欠拧,84
E0691,M20,8.8,0,-10,320.0,174.28,1,欠拧,73
E0692,M24,10.9,1,20,520.0,177.65,1,欠拧,96
E0693,M12,12.9,2,50,80.0,147.98,1,欠拧,44
E0694,M16,8.8,0,-10,180.0,153.7,1,欠拧,69
E0695,M20,10.9,1,20,320.0,140.97,1,欠拧,86
E0696,M24,12.9,2,50,520.0,172.23,1,欠拧,87
E0697,M12,8.8,0,-10,80.0,133.96,1,欠拧,59
E0698,M16,10.9,1,20,180.0,115.9,1,欠拧,91
E0699,M20,12.9,2,50,320.0,178.6,1,欠拧,65
E0700,M24,8.8,0,-10,520.0,120.77,1,欠拧,148
E0701,M12,10.9,1,20,80.0,117.6,1,欠拧,66
E0702,M16,12.9,2,50,180.0,152.68,1,欠拧,63
E0703,M20,8.8,0,-10,320.0,122.78,1,欠拧,109
E0704,M24,10.9,1,20,520.0,175.31,1,欠拧,80
E0705,M12,12.9,2,50,80.0,156.59,1,欠拧,47
E0706,M16,8.8,0,-10,180.0,125.03,1,欠拧,84
E0707,M20,10.9,1,20,320.0,185.74,1,欠拧,74
E0708,M24,12.9,2,50,520.0,113.39,1,欠拧,131
E0709,M12,8.8,0,-10,80.0,178.02,1,欠拧,42
E0710,M16,10.9,1,20,180.0,175.96,1,欠拧,53
E0711,M20,12.9,2,50,320.0,139.72,1,欠拧,86
E0712,M24,8.8,0,-10,520.0,118.2,1,欠拧,150
E0713,M12,10.9,1,20,80.0,112.05,1,欠拧,61
E0714,M16,12.9,2,50,180.0,179.81,1,欠拧,51
E0715,M20,8.8,0,-10,320.0,164.81,1,欠拧,89
E0716,M24,10.9,1,20,520.0,158.37,1,欠拧,109
E0717,M12,12.9,2,50,80.0,143.13,1,欠拧,47
E0718,M16,8.8,0,-10,180.0,174.16,1,欠拧,57
E0719,M20,10.9,1,20,320.0,141.58,1,欠拧,89
E0720,M24,12.9,2,50,520.0,128.38,1,欠拧,125
E0721,M12,8.8,0,-10,80.0,136.66,1,欠拧,61
E0722,M16,10.9,1,20,180.0,166.51,1,欠拧,63
E0723,M20,12.9,2,50,320.0,172.97,1,欠拧,71
E0724,M24,8.8,0,-10,520.0,175.29,1,欠拧,90
E0725,M12,10.9,1,20,80.0,163.31,1,欠拧,43
E0726,M16,12.9,2,50,180.0,162.39,1,欠拧,58
E0727,M20,8.8,0,-10,320.0,144.05,1,欠拧,88
E0728,M24,10.9,1,20,520.0,126.2,1,欠拧,127
E0729,M12,12.9,2,50,80.0,135.98,1,欠拧,49
E0730,M16,8.8,0,-10,180.0,129.18,1,欠拧,85
E0731,M20,10.9,1,20,320.0,138.97,1,欠拧,92
E0732,M24,12.9,2,50,520.0,117.07,1,欠拧,135
E0733,M12,8.8,0,-10,80.0,159.15,1,欠拧,43
E0734,M16,10.9,1,20,180.0,146.94,1,欠拧,63
E0735,M20,12.9,2,50,320.0,162.23,1,欠拧,67
E0736,M24,8.8,0,-10,520.0,180.27,1,欠拧,95
E0737,M12,10.9,1,20,80.0,140.31,1,欠拧,50
E0738,M16,12.9,2,50,180.0,115.12,1,欠拧,81
E0739,M20,8.8,0,-10,320.0,127.47,1,欠拧,102
E0740,M24,10.9,1,20,520.0,138.72,1,欠拧,110
E0741,M12,12.9,2,50,80.0,164.93,1,欠拧,42
E0742,M16,8.8,0,-10,180.0,173.61,1,欠拧,59
E0743,M20,10.9,1,20,320.0,176.47,1,欠拧,69
E0744,M24,12.9,2,50,520.0,155.96,1,欠拧,100
E0745,M12,8.8,0,-10,80.0,150.82,1,欠拧,47
E0746,M16,10.9,1,20,180.0,174.14,1,欠拧,56
E0747,M20,12.9,2,50,320.0,181.87,1,欠拧,66
E0748,M24,8.8,0,-10,520.0,188.72,1,欠拧,98
E0749,M12,10.9,1,20,80.0,121.12,1,欠拧,57
E0750,M16,12.9,2,50,180.0,193.25,1,欠拧,47
E0751,M20,8.8,0,-10,320.0,169.03,1,欠拧,79
E0752,M24,10.9,1,20,520.0,167.18,1,欠拧,96
E0753,M12,12.9,2,50,80.0,143.58,1,欠拧,49
E0754,M16,8.8,0,-10,180.0,172.49,1,欠拧,64
E0755,M20,10.9,1,20,320.0,184.53,1,欠拧,75
E0756,M24,12.9,2,50,520.0,136.21,1,欠拧,116
E0757,M12,8.8,0,-10,80.0,114.83,1,欠拧,68
E0758,M16,10.9,1,20,180.0,177.67,1,欠拧,59
E0759,M20,12.9,2,50,320.0,126.22,1,欠拧,98
E0760,M24,8.8,0,-10,520.0,119.72,1,欠拧,132
E0761,M12,10.9,1,20,80.0,122.89,1,欠拧,57
E0762,M16,12.9,2,50,180.0,145.55,1,欠拧,71
E0763,M20,8.8,0,-10,320.0,134.04,1,欠拧,104
E0764,M24,10.9,1,20,520.0,145.88,1,欠拧,107
E0765,M12,12.9,2,50,80.0,134.79,1,欠拧,47
E0766,M16,8.8,0,-10,180.0,134.36,1,欠拧,71
E0767,M20,10.9,1,20,320.0,113.03,1,欠拧,116
E0768,M24,12.9,2,50,520.0,178.59,1,欠拧,88
E0769,M12,8.8,0,-10,80.0,181.48,1,欠拧,43
E0770,M16,10.9,1,20,180.0,125.74,1,欠拧,78
E0771,M20,12.9,2,50,320.0,110.96,1,欠拧,107
E0772,M24,8.8,0,-10,520.0,134.81,1,欠拧,139
E0773,M12,10.9,1,20,80.0,117.52,1,欠拧,60
E0774,M16,12.9,2,50,180.0,179.74,1,欠拧,48
E0775,M20,8.8,0,-10,320.0,132.12,1,欠拧,99
E0776,M24,10.9,1,20,520.0,184.13,1,欠拧,77
E0777,M12,12.9,2,50,80.0,170.14,1,欠拧,38
E0778,M16,8.8,0,-10,180.0,178.72,1,欠拧,59
E0779,M20,10.9,1,20,320.0,129.41,1,欠拧,103
E0780,M24,12.9,2,50,520.0,154.69,1,欠拧,108
E0781,M12,8.8,0,-10,80.0,129.27,1,欠拧,62
E0782,M16,10.9,1,20,180.0,157.25,1,欠拧,63
E0783,M20,12.9,2,50,320.0,163.92,1,欠拧,80
E0784,M24,8.8,0,-10,520.0,164.3,1,欠拧,104
E0785,M12,10.9,1,20,80.0,191.44,1,欠拧,35
E0786,M16,12.9,2,50,180.0,127.08,1,欠拧,78
E0787,M20,8.8,0,-10,320.0,169.65,1,欠拧,82
E0788,M24,10.9,1,20,520.0,176.52,1,欠拧,85
E0789,M12,12.9,2,50,80.0,171.55,1,欠拧,37
E0790,M16,8.8,0,-10,180.0,127.02,1,欠拧,75
E0791,M20,10.9,1,20,320.0,161.59,1,欠拧,82
E0792,M24,12.9,2,50,520.0,134.32,1,欠拧,106
E0793,M12,8.8,0,-10,80.0,130.94,1,欠拧,55
E0794,M16,10.9,1,20,180.0,133.66,1,欠拧,72
E0795,M20,12.9,2,50,320.0,160.45,1,欠拧,67
E0796,M24,8.8,0,-10,520.0,178.63,1,欠拧,96
E0797,M12,10.9,1,20,80.0,186.14,1,欠拧,37
E0798,M16,12.9,2,50,180.0,137.55,1,欠拧,72
E0799,M20,8.8,0,-10,320.0,187.68,1,欠拧,68
E0800,M24,10.9,1,20,520.0,126.08,1,欠拧,122
E0801,M12,12.9,2,50,80.0,124.47,1,欠拧,54
E0802,M16,8.8,0,-10,180.0,146.05,1,欠拧,74
E0803,M20,10.9,1,20,320.0,150.97,1,欠拧,74
E0804,M24,12.9,2,50,520.0,180.06,1,欠拧,74
E0805,M12,8.8,0,-10,80.0,125.42,1,欠拧,65
E0806,M16,10.9,1,20,180.0,189.59,1,欠拧,47
E0807,M20,12.9,2,50,320.0,186.18,1,欠拧,66
E0808,M24,8.8,0,-10,520.0,157.19,1,欠拧,114
E0809,M12,10.9,1,20,80.0,120.64,1,欠拧,53
E0810,M16,12.9,2,50,180.0,120.42,1,欠拧,78
E0811,M20,8.8,0,-10,320.0,126.25,1,欠拧,111
E0812,M24,10.9,1,20,520.0,173.09,1,欠拧,82
E0813,M12,12.9,2,50,80.0,185.05,1,欠拧,36
E0814,M16,8.8,0,-10,180.0,152.81,1,欠拧,73
E0815,M20,10.9,1,20,320.0,189.93,1,欠拧,64
E0816,M24,12.9,2,50,520.0,171.74,1,欠拧,91
E0817,M12,8.8,0,-10,80.0,163.33,1,欠拧,42
E0818,M16,10.9,1,20,180.0,140.67,1,欠拧,76
E0819,M20,12.9,2,50,320.0,121.97,1,欠拧,89
E0820,M24,8.8,0,-10,520.0,181.9,1,欠拧,98
E0821,M12,10.9,1,20,80.0,130.65,1,欠拧,54
E0822,M16,12.9,2,50,180.0,159.83,1,欠拧,57
E0823,M20,8.8,0,-10,320.0,180.46,1,欠拧,81
E0824,M24,10.9,1,20,520.0,113.75,1,欠拧,150
E0825,M12,12.9,2,50,80.0,172.75,1,欠拧,40
E0826,M16,8.8,0,-10,180.0,190.32,1,欠拧,62
E0827,M20,10.9,1,20,320.0,139.48,1,欠拧,82
E0828,M24,12.9,2,50,520.0,122.56,1,欠拧,109
E0829,M12,8.8,0,-10,80.0,188.02,1,欠拧,41
E0830,M16,10.9,1,20,180.0,177.31,1,欠拧,49
E0831,M20,12.9,2,50,320.0,117.05,1,欠拧,109
E0832,M24,8.8,0,-10,520.0,169.86,1,欠拧,102
E0833,M12,10.9,1,20,80.0,173.97,1,欠拧,41
E0834,M16,12.9,2,50,180.0,126.62,1,欠拧,71
E0835,M20,8.8,0,-10,320.0,127.36,1,欠拧,99
E0836,M24,10.9,1,20,520.0,181.11,1,欠拧,88
E0837,M12,12.9,2,50,80.0,112.17,1,欠拧,58
E0838,M16,8.8,0,-10,180.0,150.65,1,欠拧,69
E0839,M20,10.9,1,20,320.0,154.32,1,欠拧,85
E0840,M24,12.9,2,50,520.0,162.34,1,欠拧,101
E0841,M12,8.8,0,-10,80.0,171.66,1,欠拧,47
E0842,M16,10.9,1,20,180.0,136.68,1,欠拧,70
E0843,M20,12.9,2,50,320.0,179.12,1,欠拧,68
E0844,M24,8.8,0,-10,520.0,160.92,1,欠拧,98
E0845,M12,10.9,1,20,80.0,187.64,1,欠拧,37
E0846,M16,12.9,2,50,180.0,168.46,1,欠拧,60
E0847,M20,8.8,0,-10,320.0,167.2,1,欠拧,77
E0848,M24,10.9,1,20,520.0,135.65,1,欠拧,108
E0849,M12,12.9,2,50,80.0,157.64,1,欠拧,43
E0850,M16,8.8,0,-10,180.0,183.83,1,欠拧,57
E0851,M20,10.9,1,20,320.0,174.34,1,欠拧,67
E0852,M24,12.9,2,50,520.0,122.48,1,欠拧,129
E0853,M12,8.8,0,-10,80.0,127.03,1,欠拧,60
E0854,M16,10.9,1,20,180.0,151.49,1,欠拧,61
E0855,M20,12.9,2,50,320.0,144.76,1,欠拧,87
E0856,M24,8.8,0,-10,520.0,155.53,1,欠拧,112
E0857,M12,10.9,1,20,80.0,185.42,1,欠拧,38
E0858,M16,12.9,2,50,180.0,117.61,1,欠拧,78
E0859,M20,8.8,0,-10,320.0,150.07,1,欠拧,94
E0860,M24,10.9,1,20,520.0,157.01,1,欠拧,98
E0861,M12,12.9,2,50,80.0,153.67,1,欠拧,45
E0862,M16,8.8,0,-10,180.0,135.01,1,欠拧,77
E0863,M20,10.9,1,20,320.0,135.93,1,欠拧,94
E0864,M24,12.9,2,50,520.0,180.44,1,欠拧,83
E0865,M12,8.8,0,-10,80.0,187.77,1,欠拧,40
E0866,M16,10.9,1,20,180.0,114.28,1,欠拧,79
E0867,M20,12.9,2,50,320.0,173.64,1,欠拧,63
E0868,M24,8.8,0,-10,520.0,122.05,1,欠拧,136
E0869,M12,10.9,1,20,80.0,131.72,1,欠拧,55
E0870,M16,12.9,2,50,180.0,140.19,1,欠拧,66
E0871,M20,8.8,0,-10,320.0,124.98,1,欠拧,126
E0872,M24,10.9,1,20,520.0,111.12,1,欠拧,137
E0873,M12,12.9,2,50,80.0,183.93,1,欠拧,37
E0874,M16,8.8,0,-10,180.0,112.63,1,欠拧,92
E0875,M20,10.9,1,20,320.0,151.53,1,欠拧,83
E0876,M24,12.9,2,50,520.0,147.73,1,欠拧,95
E0877,M12,8.8,0,-10,80.0,121.79,1,欠拧,64
E0878,M16,10.9,1,20,180.0,161.21,1,欠拧,55
E0879,M20,12.9,2,50,320.0,173.47,1,欠拧,66
E0880,M24,8.8,0,-10,520.0,142.26,1,欠拧,123
E0881,M12,10.9,1,20,80.0,120.74,1,欠拧,55
E0882,M16,12.9,2,50,180.0,170.13,1,欠拧,56
E0883,M20,8.8,0,-10,320.0,118.73,1,欠拧,116
E0884,M24,10.9,1,20,520.0,121.72,1,欠拧,139
E0885,M12,12.9,2,50,80.0,168.9,1,欠拧,40
E0886,M16,8.8,0,-10,180.0,129.11,1,欠拧,87
E0887,M20,10.9,1,20,320.0,171.84,1,欠拧,72
E0888,M24,12.9,2,50,520.0,154.89,1,欠拧,95
E0889,M12,8.8,0,-10,80.0,190.08,1,欠拧,39
E0890,M16,10.9,1,20,180.0,177.52,1,欠拧,56
E0891,M20,12.9,2,50,320.0,149.56,1,欠拧,73
E0892,M24,8.8,0,-10,520.0,188.89,1,欠拧,96
E0893,M12,10.9,1,20,80.0,187.04,1,欠拧,37
E0894,M16,12.9,2,50,180.0,145.99,1,欠拧,67
E0895,M20,8.8,0,-10,320.0,174.62,1,欠拧,74
E0896,M24,10.9,1,20,520.0,172.74,1,欠拧,85
E0897,M12,12.9,2,50,80.0,112.83,1,欠拧,58
E0898,M16,8.8,0,-10,180.0,164.68,1,欠拧,66
E0899,M20,10.9,1,20,320.0,161.4,1,欠拧,71
E0900,M24,12.9,2,50,520.0,144.91,1,欠拧,97
E0901,M12,8.8,0,-10,80.0,127.05,2,过拧,90
E0902,M16,10.9,1,20,180.0,183.06,2,过拧,79
E0903,M20,12.9,2,50,320.0,127.49,2,过拧,151
E0904,M24,8.8,0,-10,520.0,141.22,2,过拧,205
E0905,M12,10.9,1,20,80.0,113.87,2,过拧,97
E0906,M16,12.9,2,50,180.0,128.01,2,过拧,101
E0907,M20,8.8,0,-10,320.0,118.58,2,过拧,173
E0908,M24,10.9,1,20,520.0,182.44,2,过拧,141
E0909,M12,12.9,2,50,80.0,182.93,2,过拧,51
E0910,M16,8.8,0,-10,180.0,166.97,2,过拧,91
E0911,M20,10.9,1,20,320.0,112.0,2,过拧,170
E0912,M24,12.9,2,50,520.0,125.79,2,过拧,178
E0913,M12,8.8,0,-10,80.0,195.33,2,过拧,58
E0914,M16,10.9,1,20,180.0,147.4,2,过拧,105
E0915,M20,12.9,2,50,320.0,125.9,2,过拧,134
E0916,M24,8.8,0,-10,520.0,181.83,2,过拧,154
E0917,M12,10.9,1,20,80.0,129.2,2,过拧,78
E0918,M16,12.9,2,50,180.0,151.69,2,过拧,90
E0919,M20,8.8,0,-10,320.0,178.7,2,过拧,125
E0920,M24,10.9,1,20,520.0,120.62,2,过拧,206
E0921,M12,12.9,2,50,80.0,153.43,2,过拧,62
E0922,M16,8.8,0,-10,180.0,180.98,2,过拧,93
E0923,M20,10.9,1,20,320.0,153.66,2,过拧,118
E0924,M24,12.9,2,50,520.0,135.91,2,过拧,171
E0925,M12,8.8,0,-10,80.0,155.97,2,过拧,61
E0926,M16,10.9,1,20,180.0,123.79,2,过拧,111
E0927,M20,12.9,2,50,320.0,179.59,2,过拧,103
E0928,M24,8.8,0,-10,520.0,119.65,2,过拧,220
E0929,M12,10.9,1,20,80.0,167.98,2,过拧,60
E0930,M16,12.9,2,50,180.0,140.69,2,过拧,100
E0931,M20,8.8,0,-10,320.0,114.97,2,过拧,183
E0932,M24,10.9,1,20,520.0,110.91,2,过拧,220
E0933,M12,12.9,2,50,80.0,178.16,2,过拧,53
E0934,M16,8.8,0,-10,180.0,129.25,2,过拧,119
E0935,M20,10.9,1,20,320.0,150.62,2,过拧,129
E0936,M24,12.9,2,50,520.0,179.76,2,过拧,126
E0937,M12,8.8,0,-10,80.0,154.78,2,过拧,67
E0938,M16,10.9,1,20,180.0,181.07,2,过拧,90
E0939,M20,12.9,2,50,320.0,139.27,2,过拧,135
E0940,M24,8.8,0,-10,520.0,173.4,2,过拧,146
E0941,M12,10.9,1,20,80.0,149.85,2,过拧,70
E0942,M16,12.9,2,50,180.0,123.14,2,过拧,114
E0943,M20,8.8,0,-10,320.0,189.16,2,过拧,113
E0944,M24,10.9,1,20,520.0,121.39,2,过拧,199
E0945,M12,12.9,2,50,80.0,131.09,2,过拧,73
E0946,M16,8.8,0,-10,180.0,159.8,2,过拧,101
E0947,M20,10.9,1,20,320.0,172.86,2,过拧,104
E0948,M24,12.9,2,50,520.0,123.96,2,过拧,187
E0949,M12,8.8,0,-10,80.0,159.14,2,过拧,61
E0950,M16,10.9,1,20,180.0,116.36,2,过拧,130
E0951,M20,12.9,2,50,320.0,118.45,2,过拧,148
E0952,M24,8.8,0,-10,520.0,124.11,2,过拧,212
E0953,M12,10.9,1,20,80.0,138.52,2,过拧,75
E0954,M16,12.9,2,50,180.0,148.49,2,过拧,90
E0955,M20,8.8,0,-10,320.0,167.25,2,过拧,131
E0956,M24,10.9,1,20,520.0,131.05,2,过拧,189
E0957,M12,12.9,2,50,80.0,170.61,2,过拧,56
E0958,M16,8.8,0,-10,180.0,186.21,2,过拧,85
E0959,M20,10.9,1,20,320.0,148.94,2,过拧,132
E0960,M24,12.9,2,50,520.0,147.37,2,过拧,163
E0961,M12,8.8,0,-10,80.0,161.39,2,过拧,64
E0962,M16,10.9,1,20,180.0,121.91,2,过拧,115
E0963,M20,12.9,2,50,320.0,182.68,2,过拧,95
E0964,M24,8.8,0,-10,520.0,131.83,2,过拧,197
E0965,M12,10.9,1,20,80.0,129.93,2,过拧,78
E0966,M16,12.9,2,50,180.0,141.2,2,过拧,94
E0967,M20,8.8,0,-10,320.0,155.11,2,过拧,134
E0968,M24,10.9,1,20,520.0,145.87,2,过拧,164
E0969,M12,12.9,2,50,80.0,191.2,2,过拧,49
E0970,M16,8.8,0,-10,180.0,176.61,2,过拧,86
E0971,M20,10.9,1,20,320.0,172.23,2,过拧,102
E0972,M24,12.9,2,50,520.0,140.43,2,过拧,170
E0973,M12,8.8,0,-10,80.0,137.81,2,过拧,77
E0974,M16,10.9,1,20,180.0,146.73,2,过拧,101
E0975,M20,12.9,2,50,320.0,183.33,2,过拧,102
E0976,M24,8.8,0,-10,520.0,168.2,2,过拧,171
E0977,M12,10.9,1,20,80.0,138.86,2,过拧,78
E0978,M16,12.9,2,50,180.0,177.5,2,过拧,74
E0979,M20,8.8,0,-10,320.0,154.13,2,过拧,146
E0980,M24,10.9,1,20,520.0,144.43,2,过拧,164
E0981,M12,12.9,2,50,80.0,118.96,2,过拧,80
E0982,M16,8.8,0,-10,180.0,127.45,2,过拧,130
E0983,M20,10.9,1,20,320.0,136.22,2,过拧,138
E0984,M24,12.9,2,50,520.0,187.39,2,过拧,116
E0985,M12,8.8,0,-10,80.0,140.22,2,过拧,75
E0986,M16,10.9,1,20,180.0,131.51,2,过拧,109
E0987,M20,12.9,2,50,320.0,134.91,2,过拧,134
E0988,M24,8.8,0,-10,520.0,121.7,2,过拧,213
E0989,M12,10.9,1,20,80.0,137.73,2,过拧,71
E0990,M16,12.9,2,50,180.0,175.69,2,过拧,78
E0991,M20,8.8,0,-10,320.0,161.95,2,过拧,130
E0992,M24,10.9,1,20,520.0,186.36,2,过拧,126
E0993,M12,12.9,2,50,80.0,136.43,2,过拧,71
E0994,M16,8.8,0,-10,180.0,111.87,2,过拧,139
E0995,M20,10.9,1,20,320.0,145.35,2,过拧,131
E0996,M24,12.9,2,50,520.0,188.58,2,过拧,116
E0997,M12,8.8,0,-10,80.0,154.62,2,过拧,67
E0998,M16,10.9,1,20,180.0,174.48,2,过拧,83
E0999,M20,12.9,2,50,320.0,166.03,2,过拧,113
E1000,M24,8.8,0,-10,520.0,186.74,2,过拧,146
E1001,M12,10.9,1,20,80.0,123.44,2,过拧,79
E1002,M16,12.9,2,50,180.0,147.91,2,过拧,95
E1003,M20,8.8,0,-10,320.0,187.25,2,过拧,108
E1004,M24,10.9,1,20,520.0,182.73,2,过拧,136
E1005,M12,12.9,2,50,80.0,184.69,2,过拧,54
E1006,M16,8.8,0,-10,180.0,115.68,2,过拧,139
E1007,M20,10.9,1,20,320.0,159.55,2,过拧,126
E1008,M24,12.9,2,50,520.0,133.19,2,过拧,161
E1009,M12,8.8,0,-10,80.0,173.25,2,过拧,60
E1010,M16,10.9,1,20,180.0,111.03,2,过拧,136
E1011,M20,12.9,2,50,320.0,120.78,2,过拧,139
E1012,M24,8.8,0,-10,520.0,151.69,2,过拧,167
E1013,M12,10.9,1,20,80.0,193.03,2,过拧,51
E1014,M16,12.9,2,50,180.0,196.5,2,过拧,72
E1015,M20,8.8,0,-10,320.0,159.34,2,过拧,128
E1016,M24,10.9,1,20,520.0,158.5,2,过拧,162
E1017,M12,12.9,2,50,80.0,135.26,2,过拧,66
E1018,M16,8.8,0,-10,180.0,186.18,2,过拧,87
E1019,M20,10.9,1,20,320.0,119.41,2,过拧,169
E1020,M24,12.9,2,50,520.0,180.02,2,过拧,134
E1021,M12,8.8,0,-10,80.0,157.63,2,过拧,72
E1022,M16,10.9,1,20,180.0,169.53,2,过拧,82
E1023,M20,12.9,2,50,320.0,182.16,2,过拧,93
E1024,M24,8.8,0,-10,520.0,138.64,2,过拧,193
E1025,M12,10.9,1,20,80.0,126.86,2,过拧,85
E1026,M16,12.9,2,50,180.0,133.22,2,过拧,106
E1027,M20,8.8,0,-10,320.0,194.78,2,过拧,112
E1028,M24,10.9,1,20,520.0,172.15,2,过拧,155
E1029,M12,12.9,2,50,80.0,128.13,2,过拧,80
E1030,M16,8.8,0,-10,180.0,129.07,2,过拧,129
E1031,M20,10.9,1,20,320.0,161.33,2,过拧,124
E1032,M24,12.9,2,50,520.0,142.15,2,过拧,169
E1033,M12,8.8,0,-10,80.0,181.46,2,过拧,54
E1034,M16,10.9,1,20,180.0,120.28,2,过拧,123
E1035,M20,12.9,2,50,320.0,165.35,2,过拧,105
E1036,M24,8.8,0,-10,520.0,114.29,2,过拧,251
E1037,M12,10.9,1,20,80.0,166.61,2,过拧,58
E1038,M16,12.9,2,50,180.0,127.92,2,过拧,106
E1039,M20,8.8,0,-10,320.0,136.67,2,过拧,158
E1040,M24,10.9,1,20,520.0,183.93,2,过拧,136
E1041,M12,12.9,2,50,80.0,145.95,2,过拧,66
E1042,M16,8.8,0,-10,180.0,138.98,2,过拧,122
E1043,M20,10.9,1,20,320.0,135.1,2,过拧,137
E1044,M24,12.9,2,50,520.0,157.46,2,过拧,143
E1045,M12,8.8,0,-10,80.0,112.16,2,过拧,99
E1046,M16,10.9,1,20,180.0,195.64,2,过拧,76
E1047,M20,12.9,2,50,320.0,141.79,2,过拧,131
E1048,M24,8.8,0,-10,520.0,137.8,2,过拧,194
E1049,M12,10.9,1,20,80.0,135.08,2,过拧,72
E1050,M16,12.9,2,50,180.0,173.02,2,过拧,82
E1051,M20,8.8,0,-10,320.0,160.06,2,过拧,137
E1052,M24,10.9,1,20,520.0,181.43,2,过拧,132
E1053,M12,12.9,2,50,80.0,137.47,2,过拧,67
E1054,M16,8.8,0,-10,180.0,161.82,2,过拧,104
E1055,M20,10.9,1,20,320.0,184.41,2,过拧,103
E1056,M24,12.9,2,50,520.0,163.6,2,过拧,131
E1057,M12,8.8,0,-10,80.0,110.9,2,过拧,96
E1058,M16,10.9,1,20,180.0,189.33,2,过拧,77
E1059,M20,12.9,2,50,320.0,186.47,2,过拧,85
E1060,M24,8.8,0,-10,520.0,174.65,2,过拧,145
E1061,M12,10.9,1,20,80.0,134.17,2,过拧,72
E1062,M16,12.9,2,50,180.0,138.44,2,过拧,94
E1063,M20,8.8,0,-10,320.0,158.05,2,过拧,141
E1064,M24,10.9,1,20,520.0,164.89,2,过拧,149
E1065,M12,12.9,2,50,80.0,152.51,2,过拧,60
E1066,M16,8.8,0,-10,180.0,125.95,2,过拧,124
E1067,M20,10.9,1,20,320.0,158.21,2,过拧,119
E1068,M24,12.9,2,50,520.0,149.53,2,过拧,149
E1069,M12,8.8,0,-10,80.0,112.46,2,过拧,96
E1070,M16,10.9,1,20,180.0,179.14,2,过拧,90
E1071,M20,12.9,2,50,320.0,154.49,2,过拧,116
E1072,M24,8.8,0,-10,520.0,147.48,2,过拧,192
E1073,M12,10.9,1,20,80.0,131.64,2,过拧,71
E1074,M16,12.9,2,50,180.0,158.13,2,过拧,88
E1075,M20,8.8,0,-10,320.0,182.19,2,过拧,119
E1076,M24,10.9,1,20,520.0,138.17,2,过拧,176
E1077,M12,12.9,2,50,80.0,146.64,2,过拧,67
E1078,M16,8.8,0,-10,180.0,125.96,2,过拧,131
E1079,M20,10.9,1,20,320.0,130.27,2,过拧,152
E1080,M24,12.9,2,50,520.0,138.93,2,过拧,174
E1081,M12,8.8,0,-10,80.0,164.03,2,过拧,64
E1082,M16,10.9,1,20,180.0,184.76,2,过拧,84
E1083,M20,12.9,2,50,320.0,122.07,2,过拧,139
E1084,M24,8.8,0,-10,520.0,137.07,2,过拧,193
E1085,M12,10.9,1,20,80.0,150.82,2,过拧,69
E1086,M16,12.9,2,50,180.0,178.42,2,过拧,77
E1087,M20,8.8,0,-10,320.0,150.09,2,过拧,140
E1088,M24,10.9,1,20,520.0,111.76,2,过拧,221
E1089,M12,12.9,2,50,80.0,131.0,2,过拧,66
E1090,M16,8.8,0,-10,180.0,117.13,2,过拧,137
E1091,M20,10.9,1,20,320.0,131.51,2,过拧,155
E1092,M24,12.9,2,50,520.0,169.33,2,过拧,130
E1093,M12,8.8,0,-10,80.0,161.63,2,过拧,68
E1094,M16,10.9,1,20,180.0,135.62,2,过拧,107
E1095,M20,12.9,2,50,320.0,180.72,2,过拧,101
E1096,M24,8.8,0,-10,520.0,187.73,2,过拧,146
E1097,M12,10.9,1,20,80.0,183.57,2,过拧,55
E1098,M16,12.9,2,50,180.0,179.82,2,过拧,82
E1099,M20,8.8,0,-10,320.0,107.12,2,过拧,193
E1100,M24,10.9,1,20,520.0,120.49,2,过拧,212
E1101,M12,12.9,2,50,80.0,135.14,2,过拧,69
E1102,M16,8.8,0,-10,180.0,190.15,2,过拧,82
E1103,M20,10.9,1,20,320.0,184.06,2,过拧,102
E1104,M24,12.9,2,50,520.0,139.48,2,过拧,159
E1105,M12,8.8,0,-10,80.0,144.62,2,过拧,82
E1106,M16,10.9,1,20,180.0,144.27,2,过拧,97
E1107,M20,12.9,2,50,320.0,170.17,2,过拧,105
E1108,M24,8.8,0,-10,520.0,159.16,2,过拧,169
E1109,M12,10.9,1,20,80.0,129.49,2,过拧,81
E1110,M16,12.9,2,50,180.0,180.63,2,过拧,74
E1111,M20,8.8,0,-10,320.0,135.82,2,过拧,168
E1112,M24,10.9,1,20,520.0,168.53,2,过拧,147
E1113,M12,12.9,2,50,80.0,164.35,2,过拧,57
E1114,M16,8.8,0,-10,180.0,153.77,2,过拧,105
E1115,M20,10.9,1,20,320.0,147.68,2,过拧,136
E1116,M24,12.9,2,50,520.0,123.96,2,过拧,184
E1117,M12,8.8,0,-10,80.0,110.26,2,过拧,97
E1118,M16,10.9,1,20,180.0,140.89,2,过拧,104
E1119,M20,12.9,2,50,320.0,195.37,2,过拧,90
E1120,M24,8.8,0,-10,520.0,122.89,2,过拧,200
E1121,M12,10.9,1,20,80.0,139.03,2,过拧,76
E1122,M16,12.9,2,50,180.0,123.18,2,过拧,114
E1123,M20,8.8,0,-10,320.0,134.98,2,过拧,151
E1124,M24,10.9,1,20,520.0,155.64,2,过拧,147
E1125,M12,12.9,2,50,80.0,187.86,2,过拧,51
E1126,M16,8.8,0,-10,180.0,136.58,2,过拧,120
E1127,M20,10.9,1,20,320.0,179.02,2,过拧,111
E1128,M24,12.9,2,50,520.0,173.64,2,过拧,127
E1129,M12,8.8,0,-10,80.0,174.3,2,过拧,59
E1130,M16,10.9,1,20,180.0,139.17,2,过拧,102
E1131,M20,12.9,2,50,320.0,153.11,2,过拧,110
E1132,M24,8.8,0,-10,520.0,136.92,2,过拧,198
E1133,M12,10.9,1,20,80.0,167.39,2,过拧,60
E1134,M16,12.9,2,50,180.0,125.18,2,过拧,115
E1135,M20,8.8,0,-10,320.0,120.46,2,过拧,176
E1136,M24,10.9,1,20,520.0,178.71,2,过拧,128
E1137,M12,12.9,2,50,80.0,168.4,2,过拧,54
E1138,M16,8.8,0,-10,180.0,112.04,2,过拧,152
E1139,M20,10.9,1,20,320.0,153.84,2,过拧,121
E1140,M24,12.9,2,50,520.0,161.69,2,过拧,145
E1141,M12,8.8,0,-10,80.0,163.04,2,过拧,69
E1142,M16,10.9,1,20,180.0,149.6,2,过拧,102
E1143,M20,12.9,2,50,320.0,186.58,2,过拧,98
E1144,M24,8.8,0,-10,520.0,184.6,2,过拧,143
E1145,M12,10.9,1,20,80.0,132.93,2,过拧,74
E1146,M16,12.9,2,50,180.0,135.27,2,过拧,99
E1147,M20,8.8,0,-10,320.0,139.71,2,过拧,160
E1148,M24,10.9,1,20,520.0,178.97,2,过拧,128
E1149,M12,12.9,2,50,80.0,138.1,2,过拧,69
E1150,M16,8.8,0,-10,180.0,165.62,2,过拧,100
E1151,M20,10.9,1,20,320.0,117.2,2,过拧,161
E1152,M24,12.9,2,50,520.0,178.78,2,过拧,129
E1153,M12,8.8,0,-10,80.0,186.71,2,过拧,54
E1154,M16,10.9,1,20,180.0,119.02,2,过拧,125
E1155,M20,12.9,2,50,320.0,114.53,2,过拧,160
E1156,M24,8.8,0,-10,520.0,175.11,2,过拧,137
E1157,M12,10.9,1,20,80.0,152.14,2,过拧,62
E1158,M16,12.9,2,50,180.0,176.32,2,过拧,77
E1159,M20,8.8,0,-10,320.0,126.09,2,过拧,169
E1160,M24,10.9,1,20,520.0,118.8,2,过拧,190
E1161,M12,12.9,2,50,80.0,162.76,2,过拧,59
E1162,M16,8.8,0,-10,180.0,141.44,2,过拧,111
E1163,M20,10.9,1,20,320.0,178.03,2,过拧,113
E1164,M24,12.9,2,50,520.0,129.38,2,过拧,177
E1165,M12,8.8,0,-10,80.0,152.08,2,过拧,68
E1166,M16,10.9,1,20,180.0,131.84,2,过拧,112
E1167,M20,12.9,2,50,320.0,183.03,2,过拧,100
E1168,M24,8.8,0,-10,520.0,124.36,2,过拧,226
E1169,M12,10.9,1,20,80.0,128.25,2,过拧,79
E1170,M16,12.9,2,50,180.0,151.69,2,过拧,94
E1171,M20,8.8,0,-10,320.0,166.05,2,过拧,121
E1172,M24,10.9,1,20,520.0,176.9,2,过拧,139
E1173,M12,12.9,2,50,80.0,139.04,2,过拧,67
E1174,M16,8.8,0,-10,180.0,139.84,2,过拧,111
E1175,M20,10.9,1,20,320.0,161.56,2,过拧,112
E1176,M24,12.9,2,50,520.0,141.12,2,过拧,164
E1177,M12,8.8,0,-10,80.0,181.45,2,过拧,56
E1178,M16,10.9,1,20,180.0,134.38,2,过拧,110
E1179,M20,12.9,2,50,320.0,124.39,2,过拧,138
E1180,M24,8.8,0,-10,520.0,113.92,2,过拧,243
E1181,M12,10.9,1,20,80.0,153.54,2,过拧,64
E1182,M16,12.9,2,50,180.0,126.32,2,过拧,109
E1183,M20,8.8,0,-10,320.0,173.08,2,过拧,121
E1184,M24,10.9,1,20,520.0,143.45,2,过拧,175
E1185,M12,12.9,2,50,80.0,145.98,2,过拧,67
E1186,M16,8.8,0,-10,180.0,170.53,2,过拧,89
E1187,M20,10.9,1,20,320.0,175.31,2,过拧,110
E1188,M24,12.9,2,50,520.0,135.11,2,过拧,163
E1189,M12,8.8,0,-10,80.0,142.0,2,过拧,73
E1190,M16,10.9,1,20,180.0,131.31,2,过拧,117
E1191,M20,12.9,2,50,320.0,132.56,2,过拧,129
E1192,M24,8.8,0,-10,520.0,126.68,2,过拧,213
E1193,M12,10.9,1,20,80.0,120.96,2,过拧,79
E1194,M16,12.9,2,50,180.0,133.71,2,过拧,101
E1195,M20,8.8,0,-10,320.0,182.96,2,过拧,113
E1196,M24,10.9,1,20,520.0,188.86,2,过拧,131
E1197,M12,12.9,2,50,80.0,179.46,2,过拧,54
E1198,M16,8.8,0,-10,180.0,146.67,2,过拧,113
E1199,M20,10.9,1,20,320.0,132.87,2,过拧,149
E1200,M24,12.9,2,50,520.0,172.68,2,过拧,127
E1201,M12,8.8,0,-10,80.0,163.9,3,滑牙,55
E1202,M16,10.9,1,20,180.0,155.77,3,滑牙,79
E1203,M20,12.9,2,50,320.0,193.95,3,滑牙,72
E1204,M24,8.8,0,-10,520.0,136.97,3,滑牙,156
E1205,M12,10.9,1,20,80.0,127.02,3,滑牙,71
E1206,M16,12.9,2,50,180.0,180.4,3,滑牙,59
E1207,M20,8.8,0,-10,320.0,148.36,3,滑牙,110
E1208,M24,10.9,1,20,520.0,116.18,3,滑牙,154
E1209,M12,12.9,2,50,80.0,155.57,3,滑牙,51
E1210,M16,8.8,0,-10,180.0,123.02,3,滑牙,105
E1211,M20,10.9,1,20,320.0,113.3,3,滑牙,128
E1212,M24,12.9,2,50,520.0,163.65,3,滑牙,109
E1213,M12,8.8,0,-10,80.0,159.53,3,滑牙,59
E1214,M16,10.9,1,20,180.0,130.95,3,滑牙,88
E1215,M20,12.9,2,50,320.0,120.21,3,滑牙,116
E1216,M24,8.8,0,-10,520.0,169.59,3,滑牙,126
E1217,M12,10.9,1,20,80.0,171.52,3,滑牙,50
E1218,M16,12.9,2,50,180.0,160.96,3,滑牙,65
E1219,M20,8.8,0,-10,320.0,141.28,3,滑牙,125
E1220,M24,10.9,1,20,520.0,131.3,3,滑牙,143
E1221,M12,12.9,2,50,80.0,152.7,3,滑牙,53
E1222,M16,8.8,0,-10,180.0,128.15,3,滑牙,88
E1223,M20,10.9,1,20,320.0,185.38,3,滑牙,77
E1224,M24,12.9,2,50,520.0,185.61,3,滑牙,99
E1225,M12,8.8,0,-10,80.0,125.39,3,滑牙,76
E1226,M16,10.9,1,20,180.0,154.05,3,滑牙,72
E1227,M20,12.9,2,50,320.0,133.49,3,滑牙,104
E1228,M24,8.8,0,-10,520.0,117.92,3,滑牙,175
E1229,M12,10.9,1,20,80.0,137.21,3,滑牙,61
E1230,M16,12.9,2,50,180.0,186.53,3,滑牙,58
E1231,M20,8.8,0,-10,320.0,119.31,3,滑牙,141
E1232,M24,10.9,1,20,520.0,133.74,3,滑牙,131
E1233,M12,12.9,2,50,80.0,114.23,3,滑牙,67
E1234,M16,8.8,0,-10,180.0,150.36,3,滑牙,82
E1235,M20,10.9,1,20,320.0,164.7,3,滑牙,92
E1236,M24,12.9,2,50,520.0,117.71,3,滑牙,157
E1237,M12,8.8,0,-10,80.0,124.98,3,滑牙,64
E1238,M16,10.9,1,20,180.0,149.68,3,滑牙,78
E1239,M20,12.9,2,50,320.0,179.76,3,滑牙,84
E1240,M24,8.8,0,-10,520.0,123.14,3,滑牙,172
E1241,M12,10.9,1,20,80.0,176.53,3,滑牙,50
E1242,M16,12.9,2,50,180.0,127.02,3,滑牙,87
E1243,M20,8.8,0,-10,320.0,148.05,3,滑牙,104
E1244,M24,10.9,1,20,520.0,117.83,3,滑牙,163
E1245,M12,12.9,2,50,80.0,123.54,3,滑牙,63
E1246,M16,8.8,0,-10,180.0,163.62,3,滑牙,78
E1247,M20,10.9,1,20,320.0,172.44,3,滑牙,87
E1248,M24,12.9,2,50,520.0,119.68,3,滑牙,146
E1249,M12,8.8,0,-10,80.0,164.52,3,滑牙,50
E1250,M16,10.9,1,20,180.0,152.71,3,滑牙,79
E1251,M20,12.9,2,50,320.0,146.55,3,滑牙,101
E1252,M24,8.8,0,-10,520.0,175.43,3,滑牙,120
E1253,M12,10.9,1,20,80.0,183.05,3,滑牙,48
E1254,M16,12.9,2,50,180.0,135.34,3,滑牙,79
E1255,M20,8.8,0,-10,320.0,144.3,3,滑牙,109
E1256,M24,10.9,1,20,520.0,178.07,3,滑牙,104
E1257,M12,12.9,2,50,80.0,146.59,3,滑牙,55
E1258,M16,8.8,0,-10,180.0,152.68,3,滑牙,90
E1259,M20,10.9,1,20,320.0,183.66,3,滑牙,85
E1260,M24,12.9,2,50,520.0,176.65,3,滑牙,92
E1261,M12,8.8,0,-10,80.0,151.8,3,滑牙,59
E1262,M16,10.9,1,20,180.0,135.64,3,滑牙,93
E1263,M20,12.9,2,50,320.0,169.04,3,滑牙,82
E1264,M24,8.8,0,-10,520.0,187.52,3,滑牙,102
E1265,M12,10.9,1,20,80.0,134.1,3,滑牙,64
E1266,M16,12.9,2,50,180.0,118.2,3,滑牙,99
E1267,M20,8.8,0,-10,320.0,133.02,3,滑牙,116
E1268,M24,10.9,1,20,520.0,139.7,3,滑牙,144
E1269,M12,12.9,2,50,80.0,160.42,3,滑牙,53
E1270,M16,8.8,0,-10,180.0,189.13,3,滑牙,64
E1271,M20,10.9,1,20,320.0,132.22,3,滑牙,118
E1272,M24,12.9,2,50,520.0,147.5,3,滑牙,125
E1273,M12,8.8,0,-10,80.0,176.54,3,滑牙,52
E1274,M16,10.9,1,20,180.0,120.85,3,滑牙,99
E1275,M20,12.9,2,50,320.0,179.4,3,滑牙,83
E1276,M24,8.8,0,-10,520.0,154.59,3,滑牙,130
E1277,M12,10.9,1,20,80.0,145.94,3,滑牙,60
E1278,M16,12.9,2,50,180.0,147.87,3,滑牙,78
E1279,M20,8.8,0,-10,320.0,190.58,3,滑牙,77
E1280,M24,10.9,1,20,520.0,114.17,3,滑牙,171
E1281,M12,12.9,2,50,80.0,144.17,3,滑牙,55
E1282,M16,8.8,0,-10,180.0,148.02,3,滑牙,87
E1283,M20,10.9,1,20,320.0,167.9,3,滑牙,90
E1284,M24,12.9,2,50,520.0,121.91,3,滑牙,137
E1285,M12,8.8,0,-10,80.0,167.85,3,滑牙,52
E1286,M16,10.9,1,20,180.0,147.09,3,滑牙,83
E1287,M20,12.9,2,50,320.0,156.11,3,滑牙,90
E1288,M24,8.8,0,-10,520.0,163.98,3,滑牙,133
E1289,M12,10.9,1,20,80.0,148.64,3,滑牙,54
E1290,M16,12.9,2,50,180.0,138.3,3,滑牙,76
E1291,M20,8.8,0,-10,320.0,140.44,3,滑牙,112
E1292,M24,10.9,1,20,520.0,178.29,3,滑牙,105
E1293,M12,12.9,2,50,80.0,119.68,3,滑牙,64
E1294,M16,8.8,0,-10,180.0,171.96,3,滑牙,79
E1295,M20,10.9,1,20,320.0,179.67,3,滑牙,78
E1296,M24,12.9,2,50,520.0,146.03,3,滑牙,111
E1297,M12,8.8,0,-10,80.0,192.12,3,滑牙,44
E1298,M16,10.9,1,20,180.0,156.99,3,滑牙,79
E1299,M20,12.9,2,50,320.0,123.66,3,滑牙,111
E1300,M24,8.8,0,-10,520.0,157.17,3,滑牙,128
E1301,M12,10.9,1,20,80.0,164.84,3,滑牙,50
E1302,M16,12.9,2,50,180.0,117.36,3,滑牙,87
E1303,M20,8.8,0,-10,320.0,133.61,3,滑牙,125
E1304,M24,10.9,1,20,520.0,132.91,3,滑牙,147
E1305,M12,12.9,2,50,80.0,123.34,3,滑牙,66
E1306,M16,8.8,0,-10,180.0,125.78,3,滑牙,112
E1307,M20,10.9,1,20,320.0,157.91,3,滑牙,101
E1308,M24,12.9,2,50,520.0,181.69,3,滑牙,88
E1309,M12,8.8,0,-10,80.0,128.04,3,滑牙,66
E1310,M16,10.9,1,20,180.0,115.51,3,滑牙,99
E1311,M20,12.9,2,50,320.0,173.32,3,滑牙,83
E1312,M24,8.8,0,-10,520.0,182.15,3,滑牙,110
E1313,M12,10.9,1,20,80.0,110.87,3,滑牙,78
E1314,M16,12.9,2,50,180.0,164.53,3,滑牙,73
E1315,M20,8.8,0,-10,320.0,190.41,3,滑牙,87
E1316,M24,10.9,1,20,520.0,147.98,3,滑牙,123
E1317,M12,12.9,2,50,80.0,140.41,3,滑牙,56
E1318,M16,8.8,0,-10,180.0,142.88,3,滑牙,95
E1319,M20,10.9,1,20,320.0,131.02,3,滑牙,106
E1320,M24,12.9,2,50,520.0,178.07,3,滑牙,101
E1321,M12,8.8,0,-10,80.0,147.77,3,滑牙,56
E1322,M16,10.9,1,20,180.0,135.43,3,滑牙,85
E1323,M20,12.9,2,50,320.0,132.15,3,滑牙,99
E1324,M24,8.8,0,-10,520.0,140.72,3,滑牙,151
E1325,M12,10.9,1,20,80.0,183.5,3,滑牙,43
E1326,M16,12.9,2,50,180.0,150.56,3,滑牙,71
E1327,M20,8.8,0,-10,320.0,181.12,3,滑牙,83
E1328,M24,10.9,1,20,520.0,135.66,3,滑牙,149
E1329,M12,12.9,2,50,80.0,184.91,3,滑牙,43
E1330,M16,8.8,0,-10,180.0,166.58,3,滑牙,73
E1331,M20,10.9,1,20,320.0,123.24,3,滑牙,126
E1332,M24,12.9,2,50,520.0,175.88,3,滑牙,99
E1333,M12,8.8,0,-10,80.0,129.77,3,滑牙,73
E1334,M16,10.9,1,20,180.0,166.05,3,滑牙,76
E1335,M20,12.9,2,50,320.0,138.41,3,滑牙,99
E1336,M24,8.8,0,-10,520.0,129.03,3,滑牙,154
E1337,M12,10.9,1,20,80.0,182.13,3,滑牙,41
E1338,M16,12.9,2,50,180.0,165.75,3,滑牙,70
E1339,M20,8.8,0,-10,320.0,148.91,3,滑牙,113
E1340,M24,10.9,1,20,520.0,157.4,3,滑牙,107
E1341,M12,12.9,2,50,80.0,116.1,3,滑牙,68
E1342,M16,8.8,0,-10,180.0,190.95,3,滑牙,65
E1343,M20,10.9,1,20,320.0,116.67,3,滑牙,131
E1344,M24,12.9,2,50,520.0,146.15,3,滑牙,117
E1345,M12,8.8,0,-10,80.0,134.96,3,滑牙,72
E1346,M16,10.9,1,20,180.0,112.37,3,滑牙,102
E1347,M20,12.9,2,50,320.0,189.57,3,滑牙,71
E1348,M24,8.8,0,-10,520.0,154.7,3,滑牙,123
E1349,M12,10.9,1,20,80.0,136.19,3,滑牙,61
E1350,M16,12.9,2,50,180.0,169.87,3,滑牙,59
E1351,M20,8.8,0,-10,320.0,183.38,3,滑牙,88
E1352,M24,10.9,1,20,520.0,191.87,3,滑牙,97
E1353,M12,12.9,2,50,80.0,115.19,3,滑牙,73
E1354,M16,8.8,0,-10,180.0,172.32,3,滑牙,76
E1355,M20,10.9,1,20,320.0,175.72,3,滑牙,90
E1356,M24,12.9,2,50,520.0,145.91,3,滑牙,116
E1357,M12,8.8,0,-10,80.0,127.84,3,滑牙,65
E1358,M16,10.9,1,20,180.0,127.04,3,滑牙,93
E1359,M20,12.9,2,50,320.0,138.52,3,滑牙,100
E1360,M24,8.8,0,-10,520.0,163.33,3,滑牙,131
E1361,M12,10.9,1,20,80.0,180.08,3,滑牙,45
E1362,M16,12.9,2,50,180.0,170.66,3,滑牙,60
E1363,M20,8.8,0,-10,320.0,188.39,3,滑牙,91
E1364,M24,10.9,1,20,520.0,156.55,3,滑牙,115
E1365,M12,12.9,2,50,80.0,178.99,3,滑牙,48
E1366,M16,8.8,0,-10,180.0,119.91,3,滑牙,105
E1367,M20,10.9,1,20,320.0,190.41,3,滑牙,80
E1368,M24,12.9,2,50,520.0,126.39,3,滑牙,140
E1369,M12,8.8,0,-10,80.0,180.9,3,滑牙,52
E1370,M16,10.9,1,20,180.0,140.86,3,滑牙,89
E1371,M20,12.9,2,50,320.0,175.72,3,滑牙,84
E1372,M24,8.8,0,-10,520.0,118.8,3,滑牙,156
E1373,M12,10.9,1,20,80.0,172.7,3,滑牙,48
E1374,M16,12.9,2,50,180.0,123.05,3,滑牙,88
E1375,M20,8.8,0,-10,320.0,123.01,3,滑牙,136
E1376,M24,10.9,1,20,520.0,133.79,3,滑牙,143
E1377,M12,12.9,2,50,80.0,142.29,3,滑牙,53
E1378,M16,8.8,0,-10,180.0,126.86,3,滑牙,102
E1379,M20,10.9,1,20,320.0,120.05,3,滑牙,116
E1380,M24,12.9,2,50,520.0,179.59,3,滑牙,99
E1381,M12,8.8,0,-10,80.0,183.84,3,滑牙,49
E1382,M16,10.9,1,20,180.0,189.87,3,滑牙,65
E1383,M20,12.9,2,50,320.0,139.89,3,滑牙,91
E1384,M24,8.8,0,-10,520.0,178.32,3,滑牙,115
E1385,M12,10.9,1,20,80.0,110.01,3,滑牙,77
E1386,M16,12.9,2,50,180.0,154.85,3,滑牙,74
E1387,M20,8.8,0,-10,320.0,154.25,3,滑牙,100
E1388,M24,10.9,1,20,520.0,132.26,3,滑牙,152
E1389,M12,12.9,2,50,80.0,110.11,3,滑牙,69
E1390,M16,8.8,0,-10,180.0,133.7,3,滑牙,88
E1391,M20,10.9,1,20,320.0,166.82,3,滑牙,88
E1392,M24,12.9,2,50,520.0,184.29,3,滑牙,97
E1393,M12,8.8,0,-10,80.0,137.89,3,滑牙,65
E1394,M16,10.9,1,20,180.0,159.63,3,滑牙,71
E1395,M20,12.9,2,50,320.0,168.55,3,滑牙,78
E1396,M24,8.8,0,-10,520.0,115.77,3,滑牙,169
E1397,M12,10.9,1,20,80.0,112.23,3,滑牙,72
E1398,M16,12.9,2,50,180.0,137.68,3,滑牙,79
E1399,M20,8.8,0,-10,320.0,132.15,3,滑牙,108
E1400,M24,10.9,1,20,520.0,130.75,3,滑牙,159
E1401,M12,12.9,2,50,80.0,116.0,3,滑牙,64
E1402,M16,8.8,0,-10,180.0,184.54,3,滑牙,68
E1403,M20,10.9,1,20,320.0,160.54,3,滑牙,85
E1404,M24,12.9,2,50,520.0,134.15,3,滑牙,140
E1405,M12,8.8,0,-10,80.0,125.2,3,滑牙,75
E1406,M16,10.9,1,20,180.0,112.89,3,滑牙,104
E1407,M20,12.9,2,50,320.0,177.79,3,滑牙,81
E1408,M24,8.8,0,-10,520.0,137.11,3,滑牙,140
E1409,M12,10.9,1,20,80.0,160.1,3,滑牙,51
E1410,M16,12.9,2,50,180.0,149.42,3,滑牙,74
E1411,M20,8.8,0,-10,320.0,188.16,3,滑牙,89
E1412,M24,10.9,1,20,520.0,115.73,3,滑牙,161
E1413,M12,12.9,2,50,80.0,178.3,3,滑牙,48
E1414,M16,8.8,0,-10,180.0,166.68,3,滑牙,70
E1415,M20,10.9,1,20,320.0,178.99,3,滑牙,80
E1416,M24,12.9,2,50,520.0,165.82,3,滑牙,94
E1417,M12,8.8,0,-10,80.0,132.37,3,滑牙,65
E1418,M16,10.9,1,20,180.0,155.28,3,滑牙,78
E1419,M20,12.9,2,50,320.0,154.14,3,滑牙,92
E1420,M24,8.8,0,-10,520.0,130.37,3,滑牙,148
E1421,M12,10.9,1,20,80.0,170.5,3,滑牙,48
E1422,M16,12.9,2,50,180.0,167.23,3,滑牙,64
E1423,M20,8.8,0,-10,320.0,162.25,3,滑牙,106
E1424,M24,10.9,1,20,520.0,172.41,3,滑牙,103
E1425,M12,12.9,2,50,80.0,130.35,3,滑牙,60
E1426,M16,8.8,0,-10,180.0,126.13,3,滑牙,100
E1427,M20,10.9,1,20,320.0,154.07,3,滑牙,104
E1428,M24,12.9,2,50,520.0,185.86,3,滑牙,100
E1429,M12,8.8,0,-10,80.0,185.32,3,滑牙,46
E1430,M16,10.9,1,20,180.0,111.87,3,滑牙,111
E1431,M20,12.9,2,50,320.0,189.6,3,滑牙,70
E1432,M24,8.8,0,-10,520.0,122.0,3,滑牙,171
E1433,M12,10.9,1,20,80.0,110.57,3,滑牙,75
E1434,M16,12.9,2,50,180.0,113.82,3,滑牙,93
E1435,M20,8.8,0,-10,320.0,119.74,3,滑牙,128
E1436,M24,10.9,1,20,520.0,164.68,3,滑牙,118
E1437,M12,12.9,2,50,80.0,159.98,3,滑牙,49
E1438,M16,8.8,0,-10,180.0,152.03,3,滑牙,90
E1439,M20,10.9,1,20,320.0,140.29,3,滑牙,105
E1440,M24,12.9,2,50,520.0,156.19,3,滑牙,115
E1441,M12,8.8,0,-10,80.0,182.99,3,滑牙,46
E1442,M16,10.9,1,20,180.0,182.3,3,滑牙,66
E1443,M20,12.9,2,50,320.0,179.4,3,滑牙,75
E1444,M24,8.8,0,-10,520.0,183.1,3,滑牙,104
E1445,M12,10.9,1,20,80.0,185.64,3,滑牙,45
E1446,M16,12.9,2,50,180.0,153.92,3,滑牙,72
E1447,M20,8.8,0,-10,320.0,185.18,3,滑牙,83
E1448,M24,10.9,1,20,520.0,174.63,3,滑牙,113
E1449,M12,12.9,2,50,80.0,146.99,3,滑牙,54
E1450,M16,8.8,0,-10,180.0,127.77,3,滑牙,101
E1451,M20,10.9,1,20,320.0,139.11,3,滑牙,103
E1452,M24,12.9,2,50,520.0,136.45,3,滑牙,122
E1453,M12,8.8,0,-10,80.0,117.78,3,滑牙,74
E1454,M16,10.9,1,20,180.0,177.83,3,滑牙,64
E1455,M20,12.9,2,50,320.0,194.74,3,滑牙,70
E1456,M24,8.8,0,-10,520.0,123.6,3,滑牙,176
E1457,M12,10.9,1,20,80.0,155.61,3,滑牙,55
E1458,M16,12.9,2,50,180.0,156.31,3,滑牙,70
E1459,M20,8.8,0,-10,320.0,185.09,3,滑牙,94
E1460,M24,10.9,1,20,520.0,155.43,3,滑牙,115
E1461,M12,12.9,2,50,80.0,169.26,3,滑牙,47
E1462,M16,8.8,0,-10,180.0,154.13,3,滑牙,79
E1463,M20,10.9,1,20,320.0,145.28,3,滑牙,97
E1464,M24,12.9,2,50,520.0,151.39,3,滑牙,108
E1465,M12,8.8,0,-10,80.0,174.25,3,滑牙,52
E1466,M16,10.9,1,20,180.0,125.36,3,滑牙,89
E1467,M20,12.9,2,50,320.0,131.26,3,滑牙,100
E1468,M24,8.8,0,-10,520.0,166.32,3,滑牙,125
E1469,M12,10.9,1,20,80.0,158.57,3,滑牙,55
E1470,M16,12.9,2,50,180.0,125.59,3,滑牙,84
E1471,M20,8.8,0,-10,320.0,146.16,3,滑牙,116
E1472,M24,10.9,1,20,520.0,121.39,3,滑牙,152
E1473,M12,12.9,2,50,80.0,171.21,3,滑牙,45
E1474,M16,8.8,0,-10,180.0,153.44,3,滑牙,84
E1475,M20,10.9,1,20,320.0,131.44,3,滑牙,121
E1476,M24,12.9,2,50,520.0,118.27,3,滑牙,134
E1477,M12,8.8,0,-10,80.0,194.9,3,滑牙,47
E1478,M16,10.9,1,20,180.0,139.76,3,滑牙,86
E1479,M20,12.9,2,50,320.0,113.02,3,滑牙,120
E1480,M24,8.8,0,-10,520.0,141.33,3,滑牙,143
E1481,M12,10.9,1,20,80.0,127.43,3,滑牙,67
E1482,M16,12.9,2,50,180.0,154.29,3,滑牙,72
E1483,M20,8.8,0,-10,320.0,140.39,3,滑牙,124
E1484,M24,10.9,1,20,520.0,174.5,3,滑牙,99
E1485,M12,12.9,2,50,80.0,152.82,3,滑牙,55
E1486,M16,8.8,0,-10,180.0,195.0,3,滑牙,61
E1487,M20,10.9,1,20,320.0,127.26,3,滑牙,105
E1488,M24,12.9,2,50,520.0,112.19,3,滑牙,150
E1489,M12,8.8,0,-10,80.0,120.36,3,滑牙,75
E1490,M16,10.9,1,20,180.0,163.68,3,滑牙,69
E1491,M20,12.9,2,50,320.0,139.88,3,滑牙,99
E1492,M24,8.8,0,-10,520.0,152.58,3,滑牙,136
E1493,M12,10.9,1,20,80.0,160.02,3,滑牙,52
E1494,M16,12.9,2,50,180.0,161.42,3,滑牙,72
E1495,M20,8.8,0,-10,320.0,137.76,3,滑牙,121
E1496,M24,10.9,1,20,520.0,109.14,3,滑牙,155
E1497,M12,12.9,2,50,80.0,157.31,3,滑牙,49
E1498,M16,8.8,0,-10,180.0,161.02,3,滑牙,76
E1499,M20,10.9,1,20,320.0,156.09,3,滑牙,92
E1500,M24,12.9,2,50,520.0,114.7,3,滑牙,146
E1501,M12,8.8,0,-10,80.0,127.6,4,虚拧,89
E1502,M16,10.9,1,20,180.0,118.23,4,虚拧,108
E1503,M20,12.9,2,50,320.0,188.96,4,虚拧,65
E1504,M24,8.8,0,-10,520.0,143.92,4,虚拧,103
E1505,M12,10.9,1,20,80.0,147.92,4,虚拧,75
E1506,M16,12.9,2,50,180.0,155.5,4,虚拧,86
E1507,M20,8.8,0,-10,320.0,137.79,4,虚拧,100
E1508,M24,10.9,1,20,520.0,180.41,4,虚拧,73
E1509,M12,12.9,2,50,80.0,161.66,4,虚拧,69
E1510,M16,8.8,0,-10,180.0,118.84,4,虚拧,91
E1511,M20,10.9,1,20,320.0,118.67,4,虚拧,94
E1512,M24,12.9,2,50,520.0,170.2,4,虚拧,78
E1513,M12,8.8,0,-10,80.0,164.62,4,虚拧,65
E1514,M16,10.9,1,20,180.0,136.44,4,虚拧,85
E1515,M20,12.9,2,50,320.0,147.38,4,虚拧,95
E1516,M24,8.8,0,-10,520.0,118.93,4,虚拧,104
E1517,M12,10.9,1,20,80.0,164.4,4,虚拧,69
E1518,M16,12.9,2,50,180.0,170.95,4,虚拧,65
E1519,M20,8.8,0,-10,320.0,149.01,4,虚拧,72
E1520,M24,10.9,1,20,520.0,161.01,4,虚拧,77
E1521,M12,12.9,2,50,80.0,135.29,4,虚拧,86
E1522,M16,8.8,0,-10,180.0,145.28,4,虚拧,69
E1523,M20,10.9,1,20,320.0,139.55,4,虚拧,78
E1524,M24,12.9,2,50,520.0,108.09,4,虚拧,117
E1525,M12,8.8,0,-10,80.0,136.61,4,虚拧,93
E1526,M16,10.9,1,20,180.0,190.85,4,虚拧,55
E1527,M20,12.9,2,50,320.0,192.4,4,虚拧,57
E1528,M24,8.8,0,-10,520.0,160.34,4,虚拧,73
E1529,M12,10.9,1,20,80.0,177.37,4,虚拧,66
E1530,M16,12.9,2,50,180.0,123.54,4,虚拧,87
E1531,M20,8.8,0,-10,320.0,155.79,4,虚拧,86
E1532,M24,10.9,1,20,520.0,150.44,4,虚拧,85
E1533,M12,12.9,2,50,80.0,193.45,4,虚拧,66
E1534,M16,8.8,0,-10,180.0,160.3,4,虚拧,81
E1535,M20,10.9,1,20,320.0,141.57,4,虚拧,103
E1536,M24,12.9,2,50,520.0,141.89,4,虚拧,82
E1537,M12,8.8,0,-10,80.0,112.06,4,虚拧,97
E1538,M16,10.9,1,20,180.0,145.4,4,虚拧,95
E1539,M20,12.9,2,50,320.0,150.53,4,虚拧,92
E1540,M24,8.8,0,-10,520.0,118.39,4,虚拧,124
E1541,M12,10.9,1,20,80.0,153.78,4,虚拧,87
E1542,M16,12.9,2,50,180.0,142.96,4,虚拧,81
E1543,M20,8.8,0,-10,320.0,126.93,4,虚拧,91
E1544,M24,10.9,1,20,520.0,112.46,4,虚拧,102
E1545,M12,12.9,2,50,80.0,182.27,4,虚拧,67
E1546,M16,8.8,0,-10,180.0,174.31,4,虚拧,71
E1547,M20,10.9,1,20,320.0,196.05,4,虚拧,54
E1548,M24,12.9,2,50,520.0,142.19,4,虚拧,102
E1549,M12,8.8,0,-10,80.0,186.42,4,虚拧,57
E1550,M16,10.9,1,20,180.0,172.44,4,虚拧,79
E1551,M20,12.9,2,50,320.0,191.36,4,虚拧,63
E1552,M24,8.8,0,-10,520.0,147.73,4,虚拧,79
E1553,M12,10.9,1,20,80.0,140.26,4,虚拧,77
E1554,M16,12.9,2,50,180.0,168.25,4,虚拧,73
E1555,M20,8.8,0,-10,320.0,188.2,4,虚拧,56
E1556,M24,10.9,1,20,520.0,167.69,4,虚拧,72
E1557,M12,12.9,2,50,80.0,172.41,4,虚拧,68
E1558,M16,8.8,0,-10,180.0,172.37,4,虚拧,67
E1559,M20,10.9,1,20,320.0,145.56,4,虚拧,86
E1560,M24,12.9,2,50,520.0,113.91,4,虚拧,127
E1561,M12,8.8,0,-10,80.0,157.61,4,虚拧,76
E1562,M16,10.9,1,20,180.0,119.46,4,虚拧,117
E1563,M20,12.9,2,50,320.0,166.28,4,虚拧,66
E1564,M24,8.8,0,-10,520.0,153.49,4,虚拧,95
E1565,M12,10.9,1,20,80.0,183.74,4,虚拧,70
E1566,M16,12.9,2,50,180.0,110.76,4,虚拧,112
E1567,M20,8.8,0,-10,320.0,123.44,4,虚拧,109
E1568,M24,10.9,1,20,520.0,167.32,4,虚拧,77
E1569,M12,12.9,2,50,80.0,131.62,4,虚拧,95
E1570,M16,8.8,0,-10,180.0,141.1,4,虚拧,74
E1571,M20,10.9,1,20,320.0,169.99,4,虚拧,76
E1572,M24,12.9,2,50,520.0,132.38,4,虚拧,85
E1573,M12,8.8,0,-10,80.0,166.6,4,虚拧,79
E1574,M16,10.9,1,20,180.0,159.23,4,虚拧,71
E1575,M20,12.9,2,50,320.0,189.31,4,虚拧,75
E1576,M24,8.8,0,-10,520.0,169.19,4,虚拧,83
E1577,M12,10.9,1,20,80.0,138.3,4,虚拧,70
E1578,M16,12.9,2,50,180.0,179.27,4,虚拧,68
E1579,M20,8.8,0,-10,320.0,166.22,4,虚拧,87
E1580,M24,10.9,1,20,520.0,139.81,4,虚拧,79
E1581,M12,12.9,2,50,80.0,131.66,4,虚拧,77
E1582,M16,8.8,0,-10,180.0,160.98,4,虚拧,64
E1583,M20,10.9,1,20,320.0,110.01,4,虚拧,112
E1584,M24,12.9,2,50,520.0,161.57,4,虚拧,89
E1585,M12,8.8,0,-10,80.0,149.48,4,虚拧,89
E1586,M16,10.9,1,20,180.0,133.41,4,虚拧,87
E1587,M20,12.9,2,50,320.0,154.52,4,虚拧,72
E1588,M24,8.8,0,-10,520.0,130.5,4,虚拧,97
E1589,M12,10.9,1,20,80.0,163.29,4,虚拧,81
E1590,M16,12.9,2,50,180.0,116.37,4,虚拧,97
E1591,M20,8.8,0,-10,320.0,161.07,4,虚拧,71
E1592,M24,10.9,1,20,520.0,120.52,4,虚拧,110
E1593,M12,12.9,2,50,80.0,107.29,4,虚拧,113
E1594,M16,8.8,0,-10,180.0,190.89,4,虚拧,71
E1595,M20,10.9,1,20,320.0,158.86,4,虚拧,73
E1596,M24,12.9,2,50,520.0,147.67,4,虚拧,90
E1597,M12,8.8,0,-10,80.0,125.6,4,虚拧,84
E1598,M16,10.9,1,20,180.0,148.49,4,虚拧,81
E1599,M20,12.9,2,50,320.0,178.62,4,虚拧,72
E1600,M24,8.8,0,-10,520.0,168.13,4,虚拧,77
E1601,M12,10.9,1,20,80.0,140.88,4,虚拧,68
E1602,M16,12.9,2,50,180.0,129.82,4,虚拧,98
E1603,M20,8.8,0,-10,320.0,190.95,4,虚拧,69
E1604,M24,10.9,1,20,520.0,114.28,4,虚拧,129
E1605,M12,12.9,2,50,80.0,127.97,4,虚拧,105
E1606,M16,8.8,0,-10,180.0,168.76,4,虚拧,68
E1607,M20,10.9,1,20,320.0,136.72,4,虚拧,94
E1608,M24,12.9,2,50,520.0,153.9,4,虚拧,98
E1609,M12,8.8,0,-10,80.0,107.11,4,虚拧,91
E1610,M16,10.9,1,20,180.0,128.32,4,虚拧,108
E1611,M20,12.9,2,50,320.0,132.55,4,虚拧,83
E1612,M24,8.8,0,-10,520.0,122.42,4,虚拧,113
E1613,M12,10.9,1,20,80.0,181.4,4,虚拧,60
E1614,M16,12.9,2,50,180.0,183.68,4,虚拧,57
E1615,M20,8.8,0,-10,320.0,111.87,4,虚拧,122
E1616,M24,10.9,1,20,520.0,161.28,4,虚拧,69
E1617,M12,12.9,2,50,80.0,166.12,4,虚拧,80
E1618,M16,8.8,0,-10,180.0,159.15,4,虚拧,73
E1619,M20,10.9,1,20,320.0,132.72,4,虚拧,85
E1620,M24,12.9,2,50,520.0,148.4,4,虚拧,76
E1621,M12,8.8,0,-10,80.0,130.42,4,虚拧,86
E1622,M16,10.9,1,20,180.0,137.32,4,虚拧,86
E1623,M20,12.9,2,50,320.0,117.14,4,虚拧,107
E1624,M24,8.8,0,-10,520.0,166.0,4,虚拧,77
E1625,M12,10.9,1,20,80.0,156.01,4,虚拧,66
E1626,M16,12.9,2,50,180.0,161.75,4,虚拧,68
E1627,M20,8.8,0,-10,320.0,148.77,4,虚拧,95
E1628,M24,10.9,1,20,520.0,160.02,4,虚拧,79
E1629,M12,12.9,2,50,80.0,173.63,4,虚拧,74
E1630,M16,8.8,0,-10,180.0,176.65,4,虚拧,75
E1631,M20,10.9,1,20,320.0,160.35,4,虚拧,69
E1632,M24,12.9,2,50,520.0,138.98,4,虚拧,98
E1633,M12,8.8,0,-10,80.0,185.55,4,虚拧,64
E1634,M16,10.9,1,20,180.0,177.84,4,虚拧,62
E1635,M20,12.9,2,50,320.0,178.77,4,虚拧,72
E1636,M24,8.8,0,-10,520.0,136.88,4,虚拧,98
E1637,M12,10.9,1,20,80.0,171.11,4,虚拧,56
E1638,M16,12.9,2,50,180.0,158.38,4,虚拧,64
E1639,M20,8.8,0,-10,320.0,143.6,4,虚拧,96
E1640,M24,10.9,1,20,520.0,116.51,4,虚拧,99
E1641,M12,12.9,2,50,80.0,162.54,4,虚拧,82
E1642,M16,8.8,0,-10,180.0,126.77,4,虚拧,107
E1643,M20,10.9,1,20,320.0,180.24,4,虚拧,79
E1644,M24,12.9,2,50,520.0,142.42,4,虚拧,83
E1645,M12,8.8,0,-10,80.0,119.55,4,虚拧,100
E1646,M16,10.9,1,20,180.0,117.23,4,虚拧,96
E1647,M20,12.9,2,50,320.0,142.64,4,虚拧,83
E1648,M24,8.8,0,-10,520.0,128.41,4,虚拧,93
E1649,M12,10.9,1,20,80.0,144.38,4,虚拧,71
E1650,M16,12.9,2,50,180.0,135.69,4,虚拧,92
E1651,M20,8.8,0,-10,320.0,163.86,4,虚拧,69
E1652,M24,10.9,1,20,520.0,165.77,4,虚拧,86
E1653,M12,12.9,2,50,80.0,119.83,4,虚拧,84
E1654,M16,8.8,0,-10,180.0,191.44,4,虚拧,58
E1655,M20,10.9,1,20,320.0,163.34,4,虚拧,83
E1656,M24,12.9,2,50,520.0,166.62,4,虚拧,77
E1657,M12,8.8,0,-10,80.0,174.87,4,虚拧,64
E1658,M16,10.9,1,20,180.0,146.32,4,虚拧,80
E1659,M20,12.9,2,50,320.0,134.82,4,虚拧,87
E1660,M24,8.8,0,-10,520.0,182.74,4,虚拧,78
E1661,M12,10.9,1,20,80.0,114.82,4,虚拧,110
E1662,M16,12.9,2,50,180.0,144.48,4,虚拧,79
E1663,M20,8.8,0,-10,320.0,132.79,4,虚拧,106
E1664,M24,10.9,1,20,520.0,140.76,4,虚拧,83
E1665,M12,12.9,2,50,80.0,190.83,4,虚拧,69
E1666,M16,8.8,0,-10,180.0,135.9,4,虚拧,103
E1667,M20,10.9,1,20,320.0,175.55,4,虚拧,82
E1668,M24,12.9,2,50,520.0,113.05,4,虚拧,107
E1669,M12,8.8,0,-10,80.0,142.16,4,虚拧,90
E1670,M16,10.9,1,20,180.0,142.26,4,虚拧,93
E1671,M20,12.9,2,50,320.0,133.58,4,虚拧,105
E1672,M24,8.8,0,-10,520.0,127.13,4,虚拧,107
E1673,M12,10.9,1,20,80.0,131.78,4,虚拧,92
E1674,M16,12.9,2,50,180.0,170.62,4,虚拧,66
E1675,M20,8.8,0,-10,320.0,124.55,4,虚拧,101
E1676,M24,10.9,1,20,520.0,164.53,4,虚拧,76
E1677,M12,12.9,2,50,80.0,166.41,4,虚拧,77
E1678,M16,8.8,0,-10,180.0,176.8,4,虚拧,79
E1679,M20,10.9,1,20,320.0,121.97,4,虚拧,116
E1680,M24,12.9,2,50,520.0,143.33,4,虚拧,79
E1681,M12,8.8,0,-10,80.0,170.43,4,虚拧,73
E1682,M16,10.9,1,20,180.0,108.0,4,虚拧,101
E1683,M20,12.9,2,50,320.0,178.18,4,虚拧,73
E1684,M24,8.8,0,-10,520.0,121.9,4,虚拧,92
E1685,M12,10.9,1,20,80.0,128.84,4,虚拧,90
E1686,M16,12.9,2,50,180.0,147.37,4,虚拧,71
E1687,M20,8.8,0,-10,320.0,137.3,4,虚拧,86
E1688,M24,10.9,1,20,520.0,158.3,4,虚拧,72
E1689,M12,12.9,2,50,80.0,164.62,4,虚拧,67
E1690,M16,8.8,0,-10,180.0,143.8,4,虚拧,89
E1691,M20,10.9,1,20,320.0,167.29,4,虚拧,82
E1692,M24,12.9,2,50,520.0,146.96,4,虚拧,79
E1693,M12,8.8,0,-10,80.0,148.3,4,虚拧,71
E1694,M16,10.9,1,20,180.0,125.5,4,虚拧,109
E1695,M20,12.9,2,50,320.0,146.69,4,虚拧,72
E1696,M24,8.8,0,-10,520.0,130.44,4,虚拧,108
E1697,M12,10.9,1,20,80.0,151.28,4,虚拧,74
E1698,M16,12.9,2,50,180.0,193.55,4,虚拧,55
E1699,M20,8.8,0,-10,320.0,172.3,4,虚拧,73
E1700,M24,10.9,1,20,520.0,125.57,4,虚拧,101
E1701,M12,12.9,2,50,80.0,141.02,4,虚拧,84
E1702,M16,8.8,0,-10,180.0,170.98,4,虚拧,63
E1703,M20,10.9,1,20,320.0,136.87,4,虚拧,103
E1704,M24,12.9,2,50,520.0,162.94,4,虚拧,74
E1705,M12,8.8,0,-10,80.0,151.04,4,虚拧,70
E1706,M16,10.9,1,20,180.0,180.0,4,虚拧,72
E1707,M20,12.9,2,50,320.0,171.01,4,虚拧,63
E1708,M24,8.8,0,-10,520.0,119.49,4,虚拧,93
E1709,M12,10.9,1,20,80.0,189.09,4,虚拧,54
E1710,M16,12.9,2,50,180.0,177.05,4,虚拧,74
E1711,M20,8.8,0,-10,320.0,178.53,4,虚拧,60
E1712,M24,10.9,1,20,520.0,179.16,4,虚拧,78
E1713,M12,12.9,2,50,80.0,141.11,4,虚拧,69
E1714,M16,8.8,0,-10,180.0,186.72,4,虚拧,75
E1715,M20,10.9,1,20,320.0,170.62,4,虚拧,83
E1716,M24,12.9,2,50,520.0,150.66,4,虚拧,85
E1717,M12,8.8,0,-10,80.0,166.28,4,虚拧,58
E1718,M16,10.9,1,20,180.0,135.01,4,虚拧,96
E1719,M20,12.9,2,50,320.0,150.79,4,虚拧,77
E1720,M24,8.8,0,-10,520.0,115.19,4,虚拧,98
E1721,M12,10.9,1,20,80.0,171.72,4,虚拧,58
E1722,M16,12.9,2,50,180.0,112.89,4,虚拧,110
E1723,M20,8.8,0,-10,320.0,176.44,4,虚拧,72
E1724,M24,10.9,1,20,520.0,177.95,4,虚拧,65
E1725,M12,12.9,2,50,80.0,179.24,4,虚拧,70
E1726,M16,8.8,0,-10,180.0,177.09,4,虚拧,73
E1727,M20,10.9,1,20,320.0,153.15,4,虚拧,76
E1728,M24,12.9,2,50,520.0,162.94,4,虚拧,75
E1729,M12,8.8,0,-10,80.0,127.0,4,虚拧,99
E1730,M16,10.9,1,20,180.0,157.62,4,虚拧,77
E1731,M20,12.9,2,50,320.0,122.98,4,虚拧,110
E1732,M24,8.8,0,-10,520.0,173.27,4,虚拧,74
E1733,M12,10.9,1,20,80.0,111.29,4,虚拧,111
E1734,M16,12.9,2,50,180.0,165.72,4,虚拧,76
E1735,M20,8.8,0,-10,320.0,162.03,4,虚拧,78
E1736,M24,10.9,1,20,520.0,121.14,4,虚拧,116
E1737,M12,12.9,2,50,80.0,111.97,4,虚拧,92
E1738,M16,8.8,0,-10,180.0,117.84,4,虚拧,90
E1739,M20,10.9,1,20,320.0,188.2,4,虚拧,60
E1740,M24,12.9,2,50,520.0,117.13,4,虚拧,104
E1741,M12,8.8,0,-10,80.0,121.76,4,虚拧,102
E1742,M16,10.9,1,20,180.0,158.86,4,虚拧,75
E1743,M20,12.9,2,50,320.0,118.22,4,虚拧,99
E1744,M24,8.8,0,-10,520.0,185.95,4,虚拧,80
E1745,M12,10.9,1,20,80.0,160.95,4,虚拧,80
E1746,M16,12.9,2,50,180.0,169.58,4,虚拧,63
E1747,M20,8.8,0,-10,320.0,111.78,4,虚拧,107
E1748,M24,10.9,1,20,520.0,155.57,4,虚拧,74
E1749,M12,12.9,2,50,80.0,121.55,4,虚拧,110
E1750,M16,8.8,0,-10,180.0,182.89,4,虚拧,58
E1751,M20,10.9,1,20,320.0,117.5,4,虚拧,107
E1752,M24,12.9,2,50,520.0,157.35,4,虚拧,85
E1753,M12,8.8,0,-10,80.0,149.73,4,虚拧,65
E1754,M16,10.9,1,20,180.0,152.97,4,虚拧,72
E1755,M20,12.9,2,50,320.0,164.94,4,虚拧,66
E1756,M24,8.8,0,-10,520.0,136.57,4,虚拧,99
E1757,M12,10.9,1,20,80.0,125.66,4,虚拧,97
E1758,M16,12.9,2,50,180.0,162.02,4,虚拧,64
E1759,M20,8.8,0,-10,320.0,193.16,4,虚拧,55
E1760,M24,10.9,1,20,520.0,144.69,4,虚拧,79
E1761,M12,12.9,2,50,80.0,123.63,4,虚拧,109
E1762,M16,8.8,0,-10,180.0,168.92,4,虚拧,61
E1763,M20,10.9,1,20,320.0,133.57,4,虚拧,94
E1764,M24,12.9,2,50,520.0,167.45,4,虚拧,80
E1765,M12,8.8,0,-10,80.0,176.87,4,虚拧,71
E1766,M16,10.9,1,20,180.0,189.12,4,虚拧,73
E1767,M20,12.9,2,50,320.0,135.83,4,虚拧,103
E1768,M24,8.8,0,-10,520.0,168.87,4,虚拧,71
E1769,M12,10.9,1,20,80.0,136.89,4,虚拧,72
E1770,M16,12.9,2,50,180.0,121.02,4,虚拧,94
E1771,M20,8.8,0,-10,320.0,166.42,4,虚拧,70
E1772,M24,10.9,1,20,520.0,126.62,4,虚拧,107
E1773,M12,12.9,2,50,80.0,163.02,4,虚拧,62
E1774,M16,8.8,0,-10,180.0,126.64,4,虚拧,84
E1775,M20,10.9,1,20,320.0,149.01,4,虚拧,90
E1776,M24,12.9,2,50,520.0,125.94,4,虚拧,104
E1777,M12,8.8,0,-10,80.0,142.11,4,虚拧,89
E1778,M16,10.9,1,20,180.0,189.06,4,虚拧,64
E1779,M20,12.9,2,50,320.0,182.76,4,虚拧,62
E1780,M24,8.8,0,-10,520.0,160.13,4,虚拧,83
E1781,M12,10.9,1,20,80.0,138.75,4,虚拧,80
E1782,M16,12.9,2,50,180.0,147.21,4,虚拧,75
E1783,M20,8.8,0,-10,320.0,127.98,4,虚拧,83
E1784,M24,10.9,1,20,520.0,150.09,4,虚拧,93
E1785,M12,12.9,2,50,80.0,115.72,4,虚拧,110
E1786,M16,8.8,0,-10,180.0,189.96,4,虚拧,68
E1787,M20,10.9,1,20,320.0,149.18,4,虚拧,78
E1788,M24,12.9,2,50,520.0,169.89,4,虚拧,86
E1789,M12,8.8,0,-10,80.0,131.62,4,虚拧,95
E1790,M16,10.9,1,20,180.0,183.6,4,虚拧,64
E1791,M20,12.9,2,50,320.0,136.53,4,虚拧,85
E1792,M24,8.8,0,-10,520.0,136.72,4,虚拧,99
E1793,M12,10.9,1,20,80.0,176.75,4,虚拧,75
E1794,M16,12.9,2,50,180.0,174.07,4,虚拧,69
E1795,M20,8.8,0,-10,320.0,196.69,4,虚拧,66
E1796,M24,10.9,1,20,520.0,116.48,4,虚拧,128
E1797,M12,12.9,2,50,80.0,141.48,4,虚拧,86
E1798,M16,8.8,0,-10,180.0,145.65,4,虚拧,79
E1799,M20,10.9,1,20,320.0,118.54,4,虚拧,95
E1800,M24,12.9,2,50,520.0,159.38,4,虚拧,92
